CASE_ID,PARTY_NUMBER,PARTY_TYPE,AT_FAULT,PARTY_SEX,PARTY_AGE,PARTY_SOBRIETY,PARTY_DRUG_PHYSICAL,DIR_OF_TRAVEL,PARTY_SAFETY_EQUIP_1,PARTY_SAFETY_EQUIP_2,FINAN_RESPONS,SP_INFO_1,SP_INFO_2,SP_INFO_3,OAF_VIOLATION_CODE,OAF_VIOL_CAT,OAF_VIOL_SECTION,OAF_VIOLATION_SUFFIX,OAF_1,OAF_2,PARTY_NUMBER_KILLED,PARTY_NUMBER_INJURED,MOVE_PRE_ACC,VEHICLE_YEAR,VEHICLE_MAKE,STWD_VEHICLE_TYPE,CHP_VEH_TYPE_TOWING,CHP_VEH_TYPE_TOWED,RACE,INATTENTION,SPECIAL_INFO_F,SPECIAL_INFO_G,ACCIDENT_YEAR
9804798,2,1,N,M,58,A,-,S,M,G,Y,-,-,-,-,"- ",,,N,-,0,3,B,2007,-,A,08,,H,,-,-,2025
9781084,1,1,Y,M,56,A,-,E,M,G,Y,-,-,-,-,"- ",,,N,-,0,0,E,2023,-,A,07,,H,,-,-,2025
9781084,2,2,N,M,53,A,-,W,-,-,O,-,-,-,-,"- ",,,N,-,0,1,R,,-,N,60,,B,,-,-,2025
9781310,1,1,Y,-,998,A,-,E,M,G,,-,-,-,-,"- ",,,N,-,0,0,B,,-,-,99,,,,-,-,2024
9781310,2,1,N,M,63,A,-,E,M,G,,-,-,-,-,"- ",,,-,-,0,1,E,2020,FORD,A,07,,H,,-,-,2024
9781310,3,3,N,-,998,H,H,E,-,-,O,-,-,-,-,"- ",,,-,-,0,0,O,2024,-,A,07,,,,-,-,2024
9805462,1,1,N,F,40,A,-,E,M,G,Y,-,3,-,-,"- ",,,N,-,0,0,B,2017,-,A,01,,W,,-,-,2025
9805462,2,4,N,F,7,A,-,S,-,-,,-,-,-,-,"- ",,,F,-,0,1,B,,-,L,04,,B,-,-,-,2025
9805464,1,1,Y,F,43,A,-,S,L,G,Y,-,-,-,-,"- ",,,N,-,0,2,E,2013,-,A,07,,B,,-,-,2025
9805464,2,1,N,F,19,A,-,W,L,G,N,-,-,-,-,"- ",,,N,-,0,0,B,2000,-,A,01,,H,,-,-,2025
9783775,1,1,Y,M,40,A,-,S,L,B,,-,-,-,,25,22350,,A,-,0,1,B,2004,FORD,D,22,,B,,-,-,2024
9783775,2,1,N,M,30,A,-,W,L,H,Y,-,-,-,-,"- ",,,N,-,0,4,B,2020,-,J,48,,W,,-,-,2024
9784008,1,1,Y,M,66,A,-,W,M,G,Y,-,-,-,-,"- ",,,N,-,0,1,E,2006,-,A,01,,B,,-,-,2025
9784008,2,1,N,M,35,A,-,E,L,G,Y,-,-,-,-,"- ",,,N,-,0,1,B,2019,-,A,07,,O,,-,-,2025
9795394,1,1,Y,M,37,A,-,S,M,G,Y,-,-,-,-,"- ",,,N,-,0,0,B,2013,-,A,01,,A,,-,-,2025
9795394,2,2,N,F,54,A,-,E,-,-,O,-,-,-,-,"- ",,,N,-,0,1,B,,-,N,60,,H,,-,-,2025
9796573,1,1,Y,-,998,G,G,E,N,B,,-,-,-,-,"- ",,,-,-,0,0,B,,-,-,99,,,,-,-,2025
9796573,2,2,N,F,75,H,H,N,-,-,O,-,-,-,-,"- ",,,N,-,0,1,R,,-,N,60,,A,,-,-,2025
9806916,1,1,Y,M,25,B,-,N,M,G,N,-,3,-,-,"- ",,,A,-,0,0,E,2001,-,A,07,,O,,-,-,2025
9806916,2,1,N,F,21,A,-,S,M,G,Y,-,3,-,-,"- ",,,N,-,0,1,B,2014,FORD,A,01,,B,,-,-,2025
9806917,1,1,Y,M,24,B,-,N,M,G,Y,-,-,-,,25,22350,,A,-,0,0,B,2005,-,A,01,,H,,-,-,2025
9806917,2,1,N,F,19,A,-,N,M,-,Y,-,-,-,-,"- ",,,N,-,0,2,A,2010,-,A,07,,H,,-,-,2025
9806918,1,1,Y,-,998,G,G,S,-,B,,-,-,-,-,"- ",,,N,-,0,0,B,,-,A,08,,,,-,-,2025
9806918,2,4,N,M,13,A,-,S,-,-,,-,3,-,-,"- ",,,N,-,0,1,B,,-,L,04,,B,,-,-,2025
9806922,1,1,Y,M,37,A,-,W,M,G,Y,-,-,-,-,"- ",,,N,-,0,1,J,1997,-,A,01,,W,,-,-,2025
9796574,1,4,N,M,34,A,-,N,-,-,,-,-,-,-,"- ",,,N,-,0,0,B,,-,L,04,,B,,-,-,2025
9796574,2,2,Y,F,56,D,-,N,-,-,O,-,-,-,-,"- ",,,F,-,0,1,R,,-,N,60,,B,K,-,-,2025
9797307,1,1,Y,M,30,A,-,S,L,G,Y,-,3,-,-,"- ",,,-,-,0,1,B,2016,-,A,01,,B,,-,-,2025
9797646,1,1,Y,M,998,G,G,E,M,B,,-,-,-,-,"- ",,,G,-,0,0,B,2009,-,A,08,,B,,-,-,2025
9797646,2,1,N,M,55,A,-,E,M,G,Y,-,3,-,-,"- ",,,-,-,0,1,B,2020,-,D,22,,H,,-,-,2025
9799490,1,1,Y,F,29,A,-,E,M,H,Y,-,-,-,-,"- ",,,-,-,0,0,B,2022,-,A,01,,H,,-,-,2024
9799490,2,1,N,F,18,A,-,N,L,G,Y,-,-,-,-,"- ",,,-,-,0,2,B,2010,-,A,01,,B,,-,-,2024
9812382,1,1,Y,M,22,A,-,N,L,G,Y,-,3,-,-,"- ",,,N,-,0,1,B,2015,-,A,01,,A,,-,-,2025
9812382,2,1,N,M,46,A,-,E,L,G,Y,-,3,-,-,"- ",,,N,-,0,0,B,2018,-,A,01,,A,,-,-,2025
9812390,1,1,Y,M,54,A,-,W,M,G,Y,-,3,-,-,"- ",,,N,-,0,1,B,2011,-,A,01,,O,,-,-,2025
9812390,2,1,N,M,17,A,-,W,M,G,Y,-,3,-,-,"- ",,,N,-,0,1,B,2012,-,A,01,,B,,-,-,2025
9812390,3,1,N,M,40,A,-,W,M,G,Y,-,3,-,-,"- ",,,N,-,0,2,H,2012,-,A,01,,O,,-,-,2025
9800167,1,1,N,-,998,-,-,S,-,B,,-,-,-,-,"- ",,,-,-,0,0,B,,-,A,01,,,,-,-,2024
9800167,2,2,N,M,25,G,G,S,-,-,O,-,-,-,-,"- ",,,-,-,0,1,-,,-,N,60,,H,,-,-,2024
9815074,1,1,Y,F,27,A,-,S,M,G,N,-,-,-,-,"- ",,,A,-,0,0,B,2017,-,A,01,,A,,-,-,2025
9815074,2,1,N,M,43,A,-,N,M,G,N,-,-,-,-,"- ",,,N,-,0,0,E,2017,MACK,F,21,,H,,-,-,2025
9815074,3,1,N,F,19,A,-,N,M,G,N,-,-,-,-,"- ",,,N,-,0,1,E,2012,-,A,01,,H,,-,-,2025
9815074,4,1,N,-,998,G,G,N,-,-,,-,-,-,-,"- ",,,-,-,0,0,B,,-,A,01,,,,-,-,2025
9800956,1,1,Y,F,35,B,-,N,L,E,Y,-,-,-,,25,22350,,A,-,0,0,B,2009,-,A,01,,B,,-,-,2025
9800956,2,1,N,M,28,A,-,N,M,G,Y,-,-,-,-,"- ",,,N,-,0,1,A,2014,-,A,01,,O,,-,-,2025
9816162,1,1,Y,M,67,A,-,W,M,G,Y,-,-,-,-,"- ",,,N,-,0,0,C,2015,FORD,A,01,,B,,-,-,2025
9816162,2,2,N,F,37,A,-,N,-,-,O,-,-,-,-,"- ",,,N,-,0,1,B,,-,N,60,,H,,-,-,2025
9816170,1,1,Y,M,25,G,G,W,M,B,,-,-,-,,19,20002,,A,-,0,1,B,2001,-,A,01,,H,,-,-,2025
9816170,2,1,N,F,29,A,-,S,M,G,,-,3,-,-,"- ",,,N,-,0,0,D,2002,-,A,01,,B,,-,-,2025
9816173,1,1,Y,F,43,A,-,S,L,G,Y,-,3,-,-,"- ",,,N,-,0,1,E,2017,-,A,01,,W,,-,-,2025
9816173,2,1,N,M,44,A,-,N,L,G,Y,-,3,-,-,"- ",,,N,-,0,0,B,2011,FORD,A,07,,,,-,-,2025
9816183,1,1,Y,-,998,G,G,S,N,B,,-,-,-,-,"- ",,,N,-,0,0,B,,-,A,01,,,,-,-,2025
9816183,2,1,N,M,29,A,-,W,L,G,Y,-,-,-,-,"- ",,,N,-,0,1,B,2024,-,A,01,,H,,-,-,2025
9816187,1,1,Y,F,53,A,-,S,M,G,Y,-,-,-,-,"- ",,,N,-,0,0,E,2013,-,A,07,,A,,-,-,2025
9816187,2,2,N,F,14,A,-,W,-,-,O,-,-,-,-,"- ",,,N,-,0,1,B,,-,N,60,,A,,-,-,2025
9816188,1,1,Y,F,69,A,-,N,L,G,Y,-,3,-,-,"- ",,,N,-,0,1,E,2025,-,A,07,,W,,-,-,2025
9816188,2,1,N,M,44,A,-,S,L,G,Y,-,3,-,-,"- ",,,N,-,0,0,B,2007,-,A,08,,H,,-,-,2025
9816213,1,1,Y,M,47,A,-,W,L,G,Y,-,-,-,-,"- ",,,N,-,0,0,E,2015,-,A,01,,W,,-,-,2025
9816213,2,1,N,F,47,A,-,N,L,G,Y,-,-,-,-,"- ",,,N,-,0,2,B,2023,-,A,01,,A,,-,-,2025
9816214,1,1,Y,M,28,G,G,N,P,W,,-,-,-,-,"- ",,,F,-,0,1,B,,-,C,02,,H,-,-,-,2025
9816214,2,1,N,F,54,A,-,N,M,G,Y,-,-,-,-,"- ",,,N,-,0,0,E,2016,-,A,01,,H,,-,-,2025
9816222,1,1,N,F,21,A,-,W,M,G,Y,-,3,-,-,"- ",,,A,-,0,1,B,2013,-,A,01,,B,,-,-,2025
9816222,2,1,Y,M,46,A,-,E,M,G,Y,-,3,-,-,"- ",,,H,-,0,0,L,2016,-,A,01,,A,,-,-,2025
9816232,1,2,N,M,33,B,-,W,-,-,O,-,-,-,-,"- ",,,-,-,0,1,B,,-,N,60,,B,,-,-,2024
9816232,2,1,N,F,43,A,-,S,M,G,,-,-,-,-,"- ",,,-,-,0,0,B,2015,-,A,01,,B,,-,-,2024
9801529,1,1,Y,-,998,H,H,W,-,-,,-,-,-,-,"- ",,,-,-,0,0,B,,-,-,,,,,-,-,2024
9801529,2,2,N,M,31,A,-,N,-,-,O,-,-,-,-,"- ",,,-,-,0,1,R,,-,N,60,,B,,-,-,2024
9818123,1,1,Y,M,86,A,-,E,L,G,N,-,3,-,-,"- ",,,N,-,0,1,E,2024,-,A,07,,B,,-,-,2025
9818123,2,1,N,M,19,A,-,W,L,F,Y,-,-,-,-,"- ",,,N,-,0,1,B,2008,-,A,01,,H,,-,-,2025
9818123,3,1,N,F,69,A,-,S,L,F,Y,-,-,-,-,"- ",,,N,-,0,1,A,2019,-,A,01,,B,,-,-,2025
9818127,1,4,Y,M,15,A,-,N,-,-,,-,3,-,-,"- ",,,-,-,0,1,B,,-,L,04,,A,,-,-,2025
9818127,2,1,N,M,75,A,-,E,M,G,Y,-,3,-,-,"- ",,,N,-,0,0,B,2005,-,A,01,,W,,-,-,2025
9818130,1,1,Y,F,33,A,-,W,L,G,Y,-,-,-,,33,21801,,A,-,0,0,E,2007,-,A,01,,H,,-,-,2025
9818130,2,1,N,M,20,A,-,E,-,W,,-,-,-,-,"- ",,,-,-,0,1,B,2019,-,C,02,,H,,-,-,2025
9801557,1,1,N,F,26,A,-,S,L,G,Y,-,-,-,-,"- ",,,N,-,0,1,E,2018,-,A,01,,A,,-,-,2024
9801557,2,1,N,M,19,A,-,E,L,G,N,-,-,-,-,"- ",,,N,-,0,1,B,2007,-,A,01,,H,,-,-,2024
9801780,1,1,Y,M,21,A,-,W,P,A,Y,-,3,-,-,"- ",,,M,-,0,1,E,2023,-,M,94,,A,,-,-,2025
9801780,2,1,N,F,57,A,-,N,M,G,Y,-,3,-,-,"- ",,,N,-,0,0,B,2008,-,A,01,,A,,-,-,2025
9802142,1,1,Y,F,27,A,-,N,M,G,Y,-,-,-,-,"- ",,,N,-,0,0,E,2014,-,A,01,,H,,-,-,2025
9802142,2,1,N,M,24,A,-,E,M,G,Y,-,-,-,-,"- ",,,N,-,0,1,B,2004,-,A,01,,H,,-,-,2025
9802376,1,1,Y,M,44,G,G,N,L,B,,-,-,-,,31,22107,,A,-,0,2,M,2023,-,A,01,,B,,-,-,2024
9819219,1,1,N,M,23,A,-,N,L,G,Y,-,-,-,-,"- ",,,N,-,0,0,B,2012,-,A,01,,A,,-,-,2025
9819219,2,1,N,M,62,A,-,E,L,G,Y,-,-,-,-,"- ",,,N,-,0,1,B,2024,-,A,01,,W,,-,-,2025
9819220,1,2,Y,M,43,A,-,N,-,-,O,-,3,-,-,"- ",,,N,-,0,1,B,,-,N,60,,W,,-,-,2025
9819220,2,1,N,F,46,A,-,E,M,G,Y,-,3,-,-,"- ",,,N,-,0,0,B,2025,-,A,07,,O,,-,-,2025
9802852,1,2,Y,M,28,-,-,S,-,-,O,-,-,-,-,"- ",,,-,-,0,1,-,,-,N,60,,H,,-,-,2025
9802852,2,1,N,M,35,A,-,W,M,G,Y,-,-,-,-,"- ",,,N,-,0,0,G,2008,-,A,01,,B,,-,-,2025
9803316,1,1,Y,M,60,A,-,S,L,G,,-,3,-,-,"- ",,,N,-,0,1,B,2000,-,C,02,,B,,-,-,2024
9803316,2,1,N,F,47,A,-,S,M,G,,-,3,-,-,"- ",,,N,-,0,0,A,2016,-,I,09,,B,,-,-,2024
9820433,1,1,Y,F,51,A,-,W,M,G,Y,-,3,-,-,"- ",,,N,-,0,0,E,2019,FORD,D,22,,A,,-,-,2025
9820433,2,2,N,F,66,A,-,N,-,-,O,-,3,-,-,"- ",,,N,-,0,1,B,,-,N,60,,,,-,-,2025
9820771,1,1,Y,F,44,A,-,S,L,C,N,-,3,-,-,"- ",,,N,-,0,2,B,2023,-,A,01,,W,,-,-,2025
9820771,2,1,N,M,53,A,-,E,L,C,Y,-,3,-,-,"- ",,,N,-,0,2,B,2023,-,A,01,,W,,-,-,2025
9820966,1,1,Y,M,42,A,-,S,M,G,Y,-,-,-,-,"- ",,,N,-,0,0,E,2018,-,A,01,,,,-,-,2025
9820966,2,4,N,F,63,A,-,E,-,-,,-,-,-,-,"- ",,,-,-,0,1,B,,-,L,04,,,,-,-,2025
9820970,1,1,Y,F,20,A,-,S,M,G,N,-,-,-,,25,22350,A,A,N,0,0,B,2005,AUDI,A,01,,B,,-,-,2025
9820970,2,1,N,M,57,A,-,E,M,G,Y,-,-,-,-,"- ",,,N,-,0,3,B,2011,-,A,01,,B,,-,-,2025
9804445,1,1,Y,M,41,G,G,N,M,B,Y,-,-,-,-,"- ",,,M,-,0,0,M,2007,-,A,01,,B,,-,-,2025
9804445,2,1,N,F,23,A,-,S,L,G,Y,-,-,-,-,"- ",,,N,-,0,1,B,2022,-,A,01,,B,,-,-,2025
9804445,3,3,N,-,998,H,H,-,-,-,O,-,-,-,-,"- ",,,-,-,0,0,O,2002,-,A,01,,,,-,-,2025
9804445,4,3,N,-,998,H,H,S,-,-,O,-,-,-,-,"- ",,,-,-,0,0,O,2019,-,A,01,,,,-,-,2025
9804452,1,1,Y,M,55,A,-,E,P,W,,-,-,-,-,"- ",,,N,-,0,1,B,2002,-,C,02,,W,,-,-,2025
9822067,1,1,Y,F,42,A,-,N,P,A,N,-,3,-,-,"- ",,,N,-,0,1,D,,-,C,03,,B,,-,-,2025
9822067,2,1,N,M,58,A,-,N,M,G,Y,-,3,-,-,"- ",,,N,-,0,0,D,1998,-,A,01,,B,,-,-,2025
9822078,1,1,Y,M,34,A,-,S,L,G,Y,-,3,-,-,"- ",,,N,-,0,1,J,2017,-,A,01,,B,,-,-,2025
9822078,2,1,N,M,33,A,-,S,M,G,Y,-,3,-,-,"- ",,,N,-,0,0,B,2010,FORD,A,01,,H,,-,-,2025
9822081,1,1,Y,F,43,A,-,W,M,G,Y,-,3,-,-,"- ",,,N,-,0,2,E,2016,FORD,A,01,,B,,-,-,2025
9822081,2,1,N,F,17,A,-,N,M,G,Y,-,-,-,-,"- ",,,N,-,0,0,B,2016,-,A,01,,H,,-,-,2025
9822082,1,4,N,M,30,A,-,S,-,-,,-,-,-,-,"- ",,,N,-,0,1,B,,-,L,04,,W,,-,-,2025
9822082,2,1,N,F,23,A,-,E,M,G,,-,-,-,-,"- ",,,N,-,0,0,E,2011,-,A,01,,H,,-,-,2025
9822084,1,1,Y,F,28,A,-,S,M,G,Y,-,3,-,-,"- ",,,N,-,0,0,D,2020,-,A,01,,B,,-,-,2025
9822084,2,1,N,M,29,A,-,S,M,G,Y,-,3,-,-,"- ",,,N,-,0,1,B,2004,-,A,01,,H,,-,-,2025
9822341,1,1,N,M,52,G,G,W,N,B,,-,-,-,-,"- ",,,N,-,0,0,B,2008,-,A,01,,,,-,-,2025
9822341,2,1,N,M,27,A,-,W,M,G,Y,-,-,-,-,"- ",,,N,-,0,1,A,2015,-,A,01,,O,,-,-,2025
9794160,1,1,Y,M,60,A,-,S,L,G,,-,3,-,-,"- ",,,N,-,0,0,B,2000,-,C,02,,B,,-,-,2024
9794160,2,1,N,F,60,A,-,S,M,G,,-,3,-,-,"- ",,,N,-,0,3,A,2016,-,I,09,,B,,-,-,2024
9825630,1,1,Y,M,39,A,-,N,M,G,Y,-,-,-,-,"- ",,,N,-,0,0,E,2020,-,D,22,,H,,-,-,2025
9825630,2,1,N,M,49,A,-,S,M,G,,-,-,-,-,"- ",,,N,-,0,1,B,2023,-,A,01,,H,,-,-,2025
9825636,1,4,Y,M,44,A,-,E,-,-,,-,-,-,-,"- ",,,N,-,0,1,M,,-,L,04,,H,,-,-,2025
9825636,2,1,N,F,30,A,-,S,M,G,Y,-,3,-,-,"- ",,,N,-,0,0,B,1999,-,F,21,,H,,-,-,2025
9825728,1,1,Y,F,84,A,-,E,M,G,Y,-,3,-,-,"- ",,,N,-,0,1,B,2019,-,A,01,,B,,-,-,2025
9825728,2,1,N,F,20,A,-,N,L,G,Y,-,3,-,-,"- ",,,N,-,0,0,B,1998,-,A,01,,W,,-,-,2025
9825731,1,4,Y,M,20,A,-,W,-,-,N,-,3,-,-,"- ",,,-,-,0,1,B,,-,L,04,,W,,-,-,2025
9825733,1,1,Y,M,43,A,-,N,M,G,Y,-,3,-,-,"- ",,,N,-,0,0,B,2011,-,A,01,,W,,-,-,2025
9825733,2,1,N,M,38,A,-,N,M,G,Y,-,3,-,-,"- ",,,N,-,0,2,A,2017,-,A,01,,O,,-,-,2025
9825733,3,1,N,M,72,A,-,N,M,G,Y,-,3,-,-,"- ",,,N,-,0,1,A,2014,-,A,01,,W,,-,-,2025
9825736,1,1,Y,M,61,A,-,S,M,H,Y,-,3,-,-,"- ",,,N,-,0,0,O,2020,-,A,01,,W,,-,-,2025
9825736,2,4,N,M,38,A,-,S,-,-,,-,3,-,-,"- ",,,N,-,0,1,B,,-,L,04,,A,,-,-,2025
9794604,1,1,Y,-,998,G,G,W,-,B,,-,-,-,-,"- ",,,N,-,0,0,F,,-,-,,,,,-,-,2025
9794604,2,4,N,M,65,A,-,W,-,-,,-,-,-,-,"- ",,,-,-,0,1,R,,-,L,04,,B,,-,-,2025
9828139,1,1,Y,M,998,G,G,S,B,-,,-,3,-,-,"- ",,,N,-,0,0,B,,-,A,01,,B,,-,-,2025
9828139,2,3,N,-,998,H,H,-,-,-,O,-,3,-,-,"- ",,,N,-,0,1,O,1999,-,A,01,,,,-,-,2025
9828144,1,1,Y,M,85,-,-,W,M,G,Y,-,3,-,,23,21453,A,A,-,0,0,B,2015,-,A,01,,W,,-,-,2025
9828144,2,1,N,F,36,-,-,S,M,G,Y,-,3,-,-,"- ",,,N,-,0,1,-,2023,-,A,01,,H,,-,-,2025
9828146,1,1,Y,M,37,A,-,W,M,G,Y,-,3,-,-,"- ",,,N,-,0,0,D,2017,-,A,01,,W,,-,-,2025
9828146,2,2,N,F,46,A,-,S,-,-,O,-,3,-,-,"- ",,,N,-,0,1,R,,-,N,60,,B,,-,-,2025
9828148,1,4,Y,F,51,A,-,E,-,-,,-,3,-,-,"- ",,,N,-,0,1,E,,-,M,91,,H,,-,-,2025
9828148,2,1,N,F,69,A,-,N,M,G,Y,-,3,-,-,"- ",,,N,-,0,0,B,2016,-,A,01,,A,,-,-,2025
9828149,1,1,Y,-,998,G,G,N,B,-,,-,-,-,-,"- ",,,-,-,0,0,E,,-,D,22,,,,-,-,2025
9828149,2,2,N,M,81,A,-,-,-,-,O,-,3,-,-,"- ",,,-,-,0,1,R,,-,N,60,,W,,-,-,2025
9828166,1,1,Y,M,88,A,-,S,L,G,Y,-,3,-,-,"- ",,,N,-,0,1,E,2019,-,A,01,,W,,-,-,2025
9828166,2,1,N,F,79,A,-,N,M,G,Y,-,3,-,-,"- ",,,N,-,0,0,B,2010,-,A,01,,W,,-,-,2025
9795393,1,1,Y,M,998,G,G,E,N,B,,-,-,-,-,"- ",,,N,-,0,0,B,2016,-,A,07,,H,,-,-,2025
9795393,2,1,N,M,22,A,-,E,M,G,Y,-,-,-,-,"- ",,,N,-,0,1,A,2024,-,A,01,,H,,-,-,2025
9828830,1,1,N,M,31,A,-,S,M,G,,-,3,-,-,"- ",,,N,-,0,0,B,1999,-,A,01,,W,,-,-,2023
9828830,2,4,N,M,32,A,-,W,-,-,,-,-,-,-,"- ",,,N,-,0,1,B,,-,L,04,,B,,-,-,2023
9830900,1,1,Y,M,37,A,-,S,M,G,Y,-,3,-,-,"- ",,,N,-,0,0,E,2023,-,I,11,,H,,-,-,2025
9830900,2,2,N,F,44,-,-,E,-,-,O,-,-,-,-,"- ",,,N,-,0,1,B,,-,N,60,,B,,-,-,2025
9806725,1,1,Y,M,23,A,-,S,L,G,N,-,-,-,,19,20002,A,A,-,0,1,B,2022,-,A,01,,O,,-,-,2024
9806725,2,1,N,M,26,A,-,E,L,G,Y,-,-,-,-,"- ",,,N,-,0,1,B,2008,-,A,07,,W,,-,-,2024
9832501,1,1,Y,M,43,A,-,E,M,G,Y,-,3,-,-,"- ",,,N,-,0,0,B,2011,-,A,07,,B,,-,-,2023
9832501,2,1,N,M,51,A,-,N,-,W,,-,3,-,-,"- ",,,N,-,0,1,B,,-,M,94,,B,,-,-,2023
9806961,1,1,Y,M,38,A,-,N,M,G,,-,-,-,-,"- ",,,N,-,0,0,B,1993,-,D,22,,W,,-,-,2025
9806961,2,2,N,M,77,A,-,N,-,-,O,-,-,-,-,"- ",,,N,-,0,1,R,,-,N,60,,W,,-,-,2025
9808090,1,1,N,-,998,G,G,W,-,B,,-,-,-,-,"- ",,,N,-,0,0,B,,-,-,99,,,,-,-,2023
9808090,2,1,Y,F,72,A,-,N,L,G,,-,3,-,-,"- ",,,N,-,0,1,E,2013,-,A,01,,H,,-,-,2023
9808270,1,1,Y,-,998,G,G,E,-,-,,-,-,-,-,"- ",,,N,-,0,0,B,2006,-,A,01,,,,-,-,2025
9808270,2,1,N,M,30,A,-,N,M,G,Y,-,-,-,-,"- ",,,N,-,0,2,B,2015,FORD,J,48,,H,,-,-,2025
9833345,1,1,Y,F,54,A,-,S,M,G,Y,-,3,-,-,"- ",,,N,-,0,0,E,2020,-,A,07,,,,-,-,2025
9833345,2,2,N,M,63,A,-,W,-,-,O,-,3,-,-,"- ",,,N,-,0,1,B,,-,N,60,,,,-,-,2025
9812060,1,1,Y,F,33,B,-,E,M,G,,-,3,-,-,"- ",,,A,-,0,0,B,2024,-,A,01,,B,,-,-,2025
9812060,2,1,N,F,50,A,-,E,M,G,Y,-,3,-,-,"- ",,,N,-,0,1,A,2009,-,I,20,,B,,-,-,2025
9813605,1,1,N,F,51,A,-,W,L,G,Y,-,-,-,-,"- ",,,N,-,0,2,B,2009,-,A,01,,B,,-,-,2024
9813605,2,1,N,M,38,A,-,S,L,B,Y,-,-,-,-,"- ",,,N,-,0,0,B,2017,-,A,01,,B,,-,-,2024
9866324,1,1,Y,F,60,A,-,E,M,G,,-,3,-,-,"- ",,,A,-,0,1,E,2012,-,A,01,,O,,-,-,2024
9866324,2,1,N,M,75,A,-,W,M,G,Y,-,3,-,-,"- ",,,N,-,0,2,B,2015,-,A,01,,H,,-,-,2024
9815689,1,1,Y,M,38,A,-,N,M,B,Y,-,3,-,-,"- ",,,N,-,0,0,O,1973,-,A,01,,W,,-,-,2025
9815689,2,1,N,M,27,A,-,N,M,G,Y,-,3,-,-,"- ",,,-,-,0,1,B,2005,-,A,01,,H,,-,-,2025
9817492,1,1,Y,M,30,A,-,E,P,V,N,-,-,-,-,"- ",,,N,-,0,1,B,2018,-,C,02,,B,,-,-,2024
9817492,2,1,N,M,46,A,-,E,L,G,,-,-,-,-,"- ",,,N,-,0,0,F,2023,-,A,01,,B,,-,-,2024
9868379,1,1,Y,F,998,A,-,N,M,D,Y,-,3,-,-,"- ",,,A,-,0,0,B,2017,-,A,01,,H,,-,-,2025
9868379,2,1,N,M,43,A,-,W,M,D,Y,-,3,-,-,"- ",,,N,-,0,1,B,2000,-,A,01,,B,,-,-,2025
9868380,1,1,Y,F,27,A,-,E,L,G,Y,-,3,-,-,"- ",,,A,-,0,3,B,2015,-,A,01,,B,,-,-,2025
9868380,2,1,N,M,29,A,-,N,M,G,,-,3,-,-,"- ",,,N,-,0,2,B,2010,-,A,01,,W,,-,-,2025
9868383,1,1,Y,M,72,G,G,E,M,G,Y,-,3,-,-,"- ",,,N,-,0,0,B,2015,-,A,08,,W,,-,-,2025
9868383,2,1,N,M,28,A,-,S,L,G,N,-,3,-,-,"- ",,,N,-,0,1,B,2006,-,A,01,,B,,-,-,2025
9868383,3,3,N,-,998,H,H,S,-,-,O,-,-,-,-,"- ",,,N,-,0,0,O,2001,-,A,08,,,,-,-,2025
9868383,4,3,N,-,998,H,H,S,-,-,O,-,-,-,-,"- ",,,-,-,0,0,O,2019,-,A,01,,,,-,-,2025
9868454,1,1,Y,-,998,G,G,W,N,B,,-,-,-,-,"- ",,,A,-,0,0,B,,-,-,99,,,,-,-,2025
9868454,2,1,N,M,69,-,-,N,L,C,Y,-,-,-,-,"- ",,,-,-,0,1,B,2017,-,A,01,,H,,-,-,2025
9868455,1,1,Y,M,20,A,-,W,M,G,Y,-,-,-,-,"- ",,,N,-,0,1,B,1995,-,A,07,,H,,-,-,2025
9868455,2,1,N,M,63,A,-,W,M,G,N,-,-,-,-,"- ",,,N,-,0,0,A,2011,-,A,01,,H,,-,-,2025
9868458,1,1,N,M,56,A,-,S,M,H,Y,-,-,-,,38,22500,H,A,-,0,0,O,2003,-,A,01,,B,,-,-,2025
9868458,2,5,Y,-,998,A,-,S,-,-,O,-,-,-,-,"- ",,,N,-,0,1,B,2022,-,M,97,,,,-,-,2025
9868465,1,1,Y,M,56,A,-,W,L,G,Y,-,-,-,-,"- ",,,N,-,0,1,B,2020,-,A,01,,W,,-,-,2025
9868465,2,1,N,M,53,A,-,W,M,G,,-,-,-,-,"- ",,,N,-,0,1,A,2013,FORD,A,07,,B,,-,-,2025
9868513,1,1,Y,F,22,A,-,E,P,V,,-,3,-,-,"- ",,,N,-,0,1,B,,-,M,94,,O,,-,-,2025
9868513,2,1,N,M,22,A,-,S,M,C,Y,-,3,-,-,"- ",,,-,-,0,0,A,2022,-,A,01,,A,,-,-,2025
9868520,1,1,Y,M,31,A,-,N,M,G,Y,-,3,-,-,"- ",,,N,-,0,1,L,2013,-,A,01,,H,,-,-,2025
9868520,2,1,N,F,65,A,-,E,L,G,N,-,3,-,-,"- ",,,N,-,0,2,B,2016,-,A,01,,B,,-,-,2025
9868521,1,1,Y,F,20,A,-,N,L,G,Y,-,3,-,-,"- ",,,N,-,0,0,B,2025,FORD,A,01,,B,,-,-,2025
9868521,2,1,N,M,63,A,-,W,M,G,Y,-,3,-,-,"- ",,,N,-,0,1,B,1999,-,A,01,,O,,-,-,2025
9868521,3,1,N,M,36,A,-,S,M,H,Y,-,3,-,-,"- ",,,N,-,0,0,B,2021,-,A,01,,B,,-,-,2025
9868522,1,1,Y,F,35,A,-,E,M,G,Y,-,3,-,-,"- ",,,N,-,0,0,B,2010,-,A,01,,O,,-,-,2025
9868522,2,1,N,F,24,A,-,N,L,G,Y,-,3,-,-,"- ",,,N,-,0,1,B,2015,-,A,01,,H,,-,-,2025