CASE_ID,PARTY_NUMBER,PARTY_TYPE,AT_FAULT,PARTY_SEX,PARTY_AGE,PARTY_SOBRIETY,PARTY_DRUG_PHYSICAL,DIR_OF_TRAVEL,PARTY_SAFETY_EQUIP_1,PARTY_SAFETY_EQUIP_2,FINAN_RESPONS,SP_INFO_1,SP_INFO_2,SP_INFO_3,OAF_VIOLATION_CODE,OAF_VIOL_CAT,OAF_VIOL_SECTION,OAF_VIOLATION_SUFFIX,OAF_1,OAF_2,PARTY_NUMBER_KILLED,PARTY_NUMBER_INJURED,MOVE_PRE_ACC,VEHICLE_YEAR,VEHICLE_MAKE,STWD_VEHICLE_TYPE,CHP_VEH_TYPE_TOWING,CHP_VEH_TYPE_TOWED,RACE,INATTENTION,SPECIAL_INFO_F,SPECIAL_INFO_G,ACCIDENT_YEAR
9630862,3,3,N,-,998,H,H,E,-,-,O,-,-,-,-,"- ",,,N,-,0,0,O,2015,-,A,01,,,,-,-,2023
9647961,1,1,Y,M,32,-,I,N,L,G,N,-,-,-,-,"- ",,,N,-,0,1,M,2015,-,A,01,,H,,-,-,2023
9630864,1,1,Y,-,998,G,G,S,M,B,,-,-,-,-,"- ",,,N,-,0,0,B,,-,D,22,,,,-,-,2023
9630864,2,1,N,F,34,A,-,E,M,G,Y,-,3,-,-,"- ",,,L,-,0,0,E,2019,-,A,01,,H,,-,-,2023
9630864,3,2,N,F,18,A,-,W,-,-,O,-,-,-,-,"- ",,,N,-,0,1,B,,-,N,60,,H,,-,-,2023
9648065,1,1,Y,M,998,G,G,N,M,B,,-,-,-,-,"- ",,,N,-,0,0,B,,-,A,01,,H,,-,-,2023
9648065,2,1,N,F,26,A,-,W,M,G,Y,-,3,-,-,"- ",,,N,-,0,2,B,2019,-,A,07,,H,,-,-,2023
9649052,1,1,Y,F,19,A,-,S,L,G,Y,-,-,-,-,"- ",,,N,-,0,0,E,2011,-,A,01,,H,,-,-,2023
9649052,2,1,N,F,36,A,-,W,M,G,Y,-,-,-,-,"- ",,,N,-,0,1,B,2016,-,A,07,,B,,-,-,2023
9649055,1,1,Y,-,998,G,G,N,N,B,,-,-,-,-,"- ",,,A,-,0,0,B,,-,A,08,,,,-,-,2023
9649055,2,1,N,M,47,A,-,W,M,B,N,-,-,-,-,"- ",,,N,-,0,1,E,2022,-,C,02,,B,,-,-,2023
9649059,1,1,Y,M,998,G,G,S,-,B,,-,-,-,-,"- ",,,N,-,0,1,R,,-,-,99,,,,-,-,2023
9649059,2,1,N,M,67,A,-,S,M,G,Y,-,-,-,-,"- ",,,N,-,0,0,A,2014,-,A,01,,B,,-,-,2023
9649060,1,1,Y,M,29,A,-,E,M,G,,-,-,-,-,"- ",,,N,-,0,1,B,2008,-,A,01,,H,,-,-,2023
9649060,2,1,N,M,52,A,-,S,L,G,,-,-,-,-,"- ",,,N,-,0,1,B,2014,-,A,08,,W,,-,-,2023
9649161,1,1,Y,F,46,A,-,S,M,G,Y,-,-,-,-,"- ",,,A,-,0,1,B,2019,-,A,01,,W,,-,-,2023
9649161,2,1,N,M,36,A,-,E,L,G,N,-,-,-,-,"- ",,,N,-,0,1,B,2009,-,A,01,,H,,-,-,2023
9649162,1,1,Y,M,998,A,-,S,P,W,,-,-,-,-,"- ",,,N,-,0,1,B,2021,-,C,03,,B,,-,-,2023
9649166,1,1,Y,-,998,G,G,-,N,B,,-,-,-,,25,22350,,A,-,0,0,B,,-,-,99,,,,-,-,2023
9649166,2,4,N,M,47,A,-,W,-,-,,-,-,-,-,"- ",,,N,-,0,1,A,,-,L,04,,B,,-,-,2023
9649810,1,1,N,F,51,A,-,S,M,B,Y,-,-,-,-,"- ",,,N,-,0,0,B,2021,-,A,01,,,,-,-,2023
9649810,2,2,Y,F,10,A,-,S,-,-,O,-,-,-,-,"- ",,,N,-,0,1,B,,-,N,60,,B,,-,-,2023
9649816,1,1,Y,M,33,A,-,W,L,G,Y,-,-,-,-,"- ",,,A,-,0,1,D,2011,-,A,01,,H,,-,-,2023
9649816,2,1,N,F,38,A,-,W,L,G,Y,-,-,-,-,"- ",,,N,-,0,0,B,2020,-,A,01,,B,,-,-,2023
9649822,1,1,Y,M,19,G,G,N,L,B,,-,-,-,-,"- ",,,A,-,0,1,B,2017,AUDI,A,01,,H,,-,-,2023
9649822,2,1,N,F,78,A,-,E,M,G,,-,-,-,-,"- ",,,N,-,0,1,B,2005,-,A,01,,B,,-,-,2023
9649822,3,3,N,-,998,A,-,W,-,-,O,-,-,-,-,"- ",,,N,-,0,0,O,2008,-,A,01,,,,-,-,2023
9650000,1,1,Y,-,998,G,G,N,N,B,,-,-,-,-,"- ",,,A,-,0,0,B,,-,A,07,,,,-,-,2023
9650000,2,2,N,F,47,G,G,-,-,-,O,-,-,-,-,"- ",,,N,-,0,1,-,,-,N,60,,B,,-,-,2023
9631921,1,1,Y,M,23,B,-,E,L,G,,-,-,-,-,"- ",,,N,-,0,1,F,2015,-,A,01,,H,,-,-,2023
9631921,2,1,N,F,32,A,-,W,M,G,,-,-,-,-,"- ",,,N,-,0,2,B,2016,-,A,01,,H,,-,-,2023
9637026,1,1,Y,M,17,A,-,S,L,G,Y,-,-,-,-,"- ",,,N,-,0,0,B,2016,-,A,01,,O,,-,-,2023
9637026,2,1,N,M,32,A,-,E,L,G,Y,-,-,-,-,"- ",,,N,-,0,1,E,2016,-,A,01,,A,,-,-,2023
9637375,1,1,Y,M,78,A,-,N,M,-,Y,-,3,-,-,"- ",,,-,-,0,0,E,2014,-,A,07,,B,,-,-,2023
9637375,2,1,N,M,61,A,-,S,P,W,Y,-,3,-,-,"- ",,,-,-,0,1,B,1982,-,C,02,,W,,-,-,2023
9624090,1,1,Y,M,51,B,E,S,L,G,N,-,-,-,,25,22350,,A,-,1,0,B,1995,-,D,22,,W,,-,-,2023
9624090,2,1,N,F,27,A,-,S,L,G,Y,-,3,-,-,"- ",,,N,-,0,4,A,2019,-,A,07,,B,,-,-,2023
9624090,3,1,N,M,23,A,-,S,M,G,Y,-,3,-,-,"- ",,,N,-,0,0,A,2016,-,A,01,,,,-,-,2023
9624090,4,1,N,M,37,A,-,S,M,-,Y,-,3,-,-,"- ",,,N,-,0,0,A,2012,-,A,01,,,,-,-,2023
9624235,1,2,Y,F,20,B,E,E,-,-,O,-,-,-,,35,21950,B,A,-,1,0,-,,-,N,60,,B,,-,-,2023
9624235,2,2,N,F,18,G,G,N,-,-,O,-,-,-,,35,21950,B,A,-,0,1,-,,-,N,60,,B,,-,-,2023
9624235,3,1,N,-,998,G,G,W,-,B,N,-,-,-,-,"- ",,,N,-,0,0,B,,-,A,01,,,,-,-,2023
9640012,1,1,Y,M,998,G,G,N,-,-,,-,-,-,,25,22350,,A,-,0,0,B,2015,-,A,01,,B,,-,-,2023
9640012,2,1,N,M,44,A,-,E,L,G,,-,-,-,-,"- ",,,N,-,1,2,B,2022,-,A,01,,A,,-,-,2023
9640012,3,3,N,-,998,H,H,E,-,-,O,-,-,-,-,"- ",,,N,-,0,0,O,2017,FORD,A,01,,,,-,-,2023
9650669,1,1,Y,M,21,A,-,W,P,W,N,-,-,-,-,"- ",,,N,-,0,1,B,2005,-,C,02,,H,,-,-,2023
9650669,2,1,N,M,35,-,-,N,L,G,Y,-,-,-,-,"- ",,,N,-,0,1,B,2022,-,A,01,,A,,-,-,2023
9650672,1,1,N,-,998,G,G,E,-,-,,-,-,-,-,"- ",,,N,-,0,0,B,,-,A,01,,,,-,-,2023
9650672,2,2,Y,F,36,A,-,S,-,-,O,-,-,-,-,"- ",,,-,-,0,1,-,,-,N,60,,B,,-,-,2023
9650821,1,1,Y,M,998,G,G,W,-,-,,-,-,-,-,"- ",,,N,-,0,0,H,2017,-,A,08,,W,,-,-,2023
9650821,2,1,N,M,43,A,-,W,M,G,Y,-,3,-,-,"- ",,,N,-,0,1,A,2015,-,A,01,,W,,-,-,2023
9650822,1,1,Y,F,61,A,-,S,M,G,Y,-,3,-,,31,22108,,A,N,0,0,D,2020,FORD,A,08,,W,,-,-,2023
9650822,2,4,N,-,23,A,-,S,-,-,O,-,3,-,-,"- ",,,-,-,0,1,B,,-,L,04,,W,,-,-,2023
9650824,1,1,Y,F,22,A,-,W,M,G,Y,-,3,-,,30,21703,,A,-,0,0,H,2003,-,A,07,,A,,-,-,2023
9650824,2,1,N,M,36,A,-,W,M,G,Y,-,3,-,-,"- ",,,-,-,0,1,H,2018,-,A,01,,B,,-,-,2023
9650824,3,1,N,M,998,G,G,W,-,-,,-,-,-,-,"- ",,,-,-,0,0,N,,-,A,01,,W,,-,-,2023
9650826,1,1,Y,F,81,A,-,E,M,G,Y,-,3,-,-,"- ",,,F,-,0,1,E,2019,-,A,01,,W,-,-,-,2023
9650826,2,1,N,M,38,A,-,S,L,G,Y,-,3,-,-,"- ",,,N,-,0,1,B,2006,-,A,01,,H,,-,-,2023
9650829,1,4,Y,M,29,A,-,E,-,-,O,-,3,-,,27,21650,,A,-,0,1,Q,,-,L,04,,B,,-,-,2023
9650829,2,1,N,M,36,A,-,W,M,G,Y,-,3,-,-,"- ",,,N,-,0,0,B,2022,-,A,01,,O,,-,-,2023
9650831,1,1,Y,M,19,A,-,N,P,-,,-,3,-,,25,22350,,A,-,0,1,B,,-,M,94,,H,,-,-,2023
9650832,1,2,Y,F,22,A,-,E,-,-,O,-,3,-,-,"- ",,,N,-,0,1,B,,-,N,60,,W,,-,-,2023
9650832,2,1,N,M,71,A,-,N,M,G,Y,-,3,-,-,"- ",,,E,-,0,0,B,1998,-,A,01,,O,,-,-,2023
9650840,1,1,Y,F,16,A,-,E,M,G,,-,3,-,-,"- ",,,-,-,0,0,B,2013,-,A,01,,W,,-,-,2023
9650840,2,1,N,M,52,A,-,E,M,G,,-,3,-,-,"- ",,,N,-,0,1,H,2010,-,A,01,,B,,-,-,2023
9650843,1,1,Y,F,57,A,-,S,M,Q,Y,-,3,-,-,"- ",,,N,-,0,1,B,2013,-,A,01,,W,,-,-,2023
9650843,2,1,N,M,72,A,-,S,L,G,Y,-,3,-,-,"- ",,,F,-,0,0,B,2021,-,A,08,,A,-,-,-,2023
9650844,1,1,Y,M,68,A,-,N,M,G,Y,-,3,-,-,"- ",,,-,-,0,0,B,2015,-,A,01,,W,,-,-,2023
9650844,2,2,N,F,36,A,-,-,-,-,O,-,3,-,-,"- ",,,-,-,0,1,B,,-,N,60,,W,,-,-,2023
9650846,1,1,Y,-,998,-,-,-,-,-,,-,-,-,-,"- ",,,-,-,0,0,-,,-,A,01,,,,-,-,2023
9650846,2,2,N,F,45,A,-,-,-,-,O,-,3,-,-,"- ",,,-,-,0,1,B,,-,N,60,,W,,-,-,2023
9650849,1,1,Y,M,29,A,-,S,M,G,Y,-,3,-,,33,21802,A,A,-,0,0,A,2014,-,A,01,,W,,-,-,2023
9650849,2,1,N,M,23,A,-,N,P,W,Y,-,3,-,-,"- ",,,N,-,0,1,B,2001,-,C,02,,W,,-,-,2023
9650850,1,1,Y,M,60,-,E,S,M,B,N,-,3,-,,24,22450,A,A,-,0,1,B,2001,-,A,01,,B,,-,-,2023
9650850,2,1,N,M,68,A,-,W,L,G,Y,-,3,-,-,"- ",,,N,-,0,1,B,2010,-,A,01,,B,,-,-,2023
9650852,1,1,Y,M,87,A,-,S,M,G,Y,-,3,-,-,"- ",,,-,-,0,0,B,1989,-,A,08,,W,,-,-,2023
9650852,2,2,N,M,41,A,-,-,-,-,O,-,1,-,-,"- ",,,N,-,0,1,B,,-,N,60,,H,,-,-,2023
9650854,1,1,Y,M,41,A,-,N,M,A,Y,-,3,-,-,"- ",,,N,-,0,0,D,2023,-,A,01,,A,,-,-,2023
9650854,2,1,N,M,18,A,-,N,P,A,,-,3,-,-,"- ",,,N,-,0,1,B,2023,-,M,94,,H,,-,-,2023
9650856,1,1,Y,F,51,A,-,N,M,G,Y,-,3,-,-,"- ",,,N,-,0,0,E,2021,-,A,01,,W,,-,-,2023
9650856,2,4,N,F,49,A,-,-,-,-,N,-,3,-,-,"- ",,,N,-,0,1,B,,-,L,04,,W,,-,-,2023
9650860,1,1,Y,F,73,A,-,W,M,G,Y,-,3,-,-,"- ",,,-,-,0,0,B,2009,-,A,01,,W,,-,-,2023
9650860,2,2,N,F,82,A,-,-,-,-,O,-,3,-,-,"- ",,,N,-,0,1,R,,-,N,60,,W,,-,-,2023
9650942,1,4,Y,-,27,A,-,E,-,-,,-,3,-,-,"- ",,,-,-,0,1,B,,-,L,04,,W,,-,-,2023
9650942,2,1,N,M,28,A,-,N,M,G,Y,-,3,-,-,"- ",,,-,-,0,0,B,2012,-,A,01,,A,,-,-,2023
9651065,1,1,Y,M,26,A,-,S,M,G,Y,-,3,-,,44,21461,A,A,-,0,1,E,2019,-,A,01,,W,,-,-,2023
9651065,2,1,N,M,28,A,-,N,M,G,Y,-,3,-,-,"- ",,,-,-,0,0,B,2023,-,A,01,,A,,-,-,2023
9640429,1,1,Y,F,85,A,-,W,M,B,,-,3,-,-,"- ",,,-,-,0,1,B,2015,-,A,01,,W,,-,-,2024
9640429,2,2,N,F,37,A,-,-,-,-,O,-,3,-,-,"- ",,,-,-,1,0,B,,-,N,60,,W,,-,-,2024
9651612,1,1,N,-,998,G,G,-,B,-,,-,-,-,-,"- ",,,N,-,0,0,H,,-,-,,,,,-,-,2023
9651612,2,1,N,F,18,A,-,-,M,G,N,-,-,-,-,"- ",,,J,-,0,1,B,2006,-,A,01,,H,,-,-,2023
9651612,3,1,N,-,998,G,G,-,B,-,N,-,-,-,-,"- ",,,N,-,0,0,B,,-,A,01,,,,-,-,2023
9651614,1,1,Y,-,998,G,G,W,B,-,,-,-,-,-,"- ",,,A,-,0,0,E,,-,A,01,,,,-,-,2023
9651614,2,1,N,F,21,A,-,S,M,-,,-,-,-,-,"- ",,,N,-,0,1,B,2007,-,A,01,,B,,-,-,2023
9651616,1,1,Y,M,13,A,-,N,N,B,,-,-,-,-,"- ",,,A,-,0,0,B,2014,-,A,07,,H,,-,-,2023
9651616,2,1,N,M,46,A,-,W,M,C,Y,-,-,-,-,"- ",,,N,-,0,2,B,2012,-,A,07,,,,-,-,2023
9651617,1,1,Y,M,17,A,-,W,M,G,Y,-,-,-,-,"- ",,,A,F,0,0,E,2017,FORD,A,01,,H,-,-,-,2023
9651617,2,1,N,M,61,A,-,S,L,G,Y,-,-,-,-,"- ",,,N,-,0,1,B,2020,-,A,07,,B,,-,-,2023
9651618,1,2,Y,M,37,G,G,N,-,-,O,-,-,-,-,"- ",,,N,-,0,1,-,,-,N,60,,W,,-,-,2023
9651618,2,1,N,M,64,A,-,E,M,G,Y,-,-,-,-,"- ",,,N,-,0,0,B,2014,JEEP,A,01,,B,,-,-,2023
9651624,1,1,Y,M,32,G,G,E,M,V,,-,3,-,-,"- ",,,N,-,0,1,B,,-,C,02,,B,,-,-,2023
9651624,2,1,N,F,21,D,-,S,M,G,Y,-,3,-,-,"- ",,,N,-,0,0,B,2007,-,A,01,,B,,-,-,2023
9651625,1,1,Y,-,998,G,G,E,B,-,,-,-,-,-,"- ",,,N,-,0,0,B,,-,-,99,,,,-,-,2023
9651625,2,1,N,M,75,A,-,S,L,-,Y,-,-,-,-,"- ",,,N,-,0,1,B,2021,-,A,01,,B,,-,-,2023
9651626,1,1,Y,M,998,G,G,N,L,B,,-,-,-,-,"- ",,,A,-,0,3,B,2022,-,A,01,,H,,-,-,2023
9651627,1,1,Y,M,40,A,-,E,P,W,,-,-,-,-,"- ",,,N,-,0,1,B,2004,-,C,02,,W,,-,-,2023
9651627,2,1,N,-,998,G,G,E,M,B,,-,-,-,-,"- ",,,N,-,0,0,B,2018,-,A,01,,,,-,-,2023
9651628,1,1,Y,M,998,G,G,N,L,B,N,-,-,-,-,"- ",,,N,-,0,0,E,2021,-,A,01,,B,,-,-,2023
9651628,2,1,N,F,52,A,-,N,M,-,Y,-,-,-,-,"- ",,,N,-,0,1,B,2018,-,A,01,,H,,-,-,2023
9651670,1,1,Y,F,40,A,-,E,N,G,Y,-,-,-,-,"- ",,,N,-,0,0,E,2009,-,A,01,,H,,-,-,2023
9651670,2,2,N,F,66,A,-,S,-,-,O,-,-,-,-,"- ",,,N,-,0,1,-,,-,N,60,,B,,-,-,2023
9651672,1,1,Y,M,998,D,-,N,-,B,,-,-,-,-,"- ",,,N,-,0,0,B,,-,-,99,,,,-,-,2023
9651672,2,1,N,F,22,A,-,W,M,G,Y,-,-,-,-,"- ",,,N,-,0,0,B,2006,-,A,01,,H,,-,-,2023
9651672,3,1,N,M,40,A,-,W,M,G,Y,-,-,-,-,"- ",,,N,-,0,1,B,2002,-,A,08,,H,,-,-,2023
9651676,1,1,N,F,40,A,-,E,L,G,N,-,-,-,-,"- ",,,N,-,0,0,B,2020,-,A,01,,W,,-,-,2023
9651676,2,1,N,M,22,A,-,S,L,G,,-,-,-,-,"- ",,,N,-,0,1,E,2008,-,A,01,,H,,-,-,2023
9652081,1,1,Y,M,33,A,-,S,L,G,Y,-,2,-,,23,21457,A,A,-,0,1,B,2016,-,A,01,,O,,-,-,2023
9652081,2,1,N,F,27,A,-,W,L,G,Y,-,3,-,-,"- ",,,N,-,0,2,B,2019,-,A,01,,A,,-,-,2023
9652082,1,1,Y,M,30,A,-,E,M,B,Y,-,1,-,-,"- ",,,F,-,0,1,B,2006,-,A,01,,B,-,-,-,2023
9652084,1,2,Y,M,21,A,-,-,-,-,O,-,3,-,-,"- ",,,N,-,0,1,B,,-,N,60,,O,,-,-,2023
9652084,2,1,N,-,998,G,G,S,-,-,,-,-,-,-,"- ",,,N,-,0,0,B,,-,A,07,,,,-,-,2023
9652085,1,1,Y,M,86,A,-,N,L,G,Y,-,3,-,,31,22107,,A,-,0,1,B,1999,-,A,01,,W,,-,-,2023
9652085,2,3,N,-,998,H,H,N,-,-,O,-,3,-,-,"- ",,,N,-,0,0,O,2000,-,A,01,,,,-,-,2023
9652086,1,1,Y,F,19,A,-,S,L,G,Y,-,3,-,-,"- ",,,-,-,0,0,B,2015,FIAT,A,01,,W,,-,-,2023
9652086,2,1,N,F,62,A,-,E,M,G,Y,-,3,-,-,"- ",,,-,-,0,1,B,2010,-,A,01,,O,,-,-,2023
9652088,1,1,Y,M,23,A,-,N,L,C,Y,-,3,-,-,"- ",,,N,-,0,0,A,2022,-,A,01,,A,,-,-,2023
9652088,2,1,N,F,35,A,-,E,L,C,Y,-,3,-,-,"- ",,,N,-,0,1,B,2018,-,A,01,,A,,-,-,2023
9652089,1,4,Y,M,54,A,-,W,-,-,N,-,3,-,,39,21201,D,A,-,0,1,E,,-,L,04,,W,,-,-,2023
9652089,2,1,N,F,49,A,-,S,M,C,N,-,3,-,-,"- ",,,N,-,0,0,B,2008,FORD,A,01,,W,,-,-,2023
9652091,1,1,Y,M,998,G,G,E,-,-,,-,-,-,-,"- ",,,N,-,0,0,B,2011,-,A,01,,A,,-,-,2023
9652091,2,1,N,M,54,A,-,E,B,-,,-,3,-,-,"- ",,,N,-,0,1,H,2021,JEEP,A,01,,W,,-,-,2023
9652095,1,1,Y,M,36,A,-,E,P,Y,,-,3,-,-,"- ",,,N,-,0,1,E,2001,-,C,02,,A,,-,-,2023
9652095,2,1,N,F,20,A,-,W,M,G,Y,-,3,-,-,"- ",,,N,-,0,0,B,2013,-,A,01,,A,,-,-,2023
9652096,1,1,Y,M,39,A,-,E,N,B,Y,-,3,-,-,"- ",,,-,-,0,1,E,2009,-,A,01,,W,,-,-,2023
9652103,1,1,Y,F,34,A,-,E,M,G,Y,-,3,-,-,"- ",,,N,-,0,0,D,2015,-,A,01,,H,,-,-,2023
9652103,2,1,N,M,60,A,-,N,P,A,Y,-,3,-,-,"- ",,,N,-,0,1,B,2020,-,C,02,,W,,-,-,2023
9652105,1,1,Y,F,23,A,-,N,L,G,Y,-,3,-,-,"- ",,,N,-,0,1,B,2013,FORD,A,01,,W,,-,-,2023
9652105,2,1,N,M,57,A,-,W,M,G,Y,-,3,-,-,"- ",,,N,-,0,1,B,2015,JEEP,A,07,,H,,-,-,2023
9640976,1,1,Y,M,34,G,G,E,L,B,,-,-,-,-,"- ",,,-,-,0,0,B,2014,-,A,01,,H,,-,-,2023
9640976,2,1,N,M,54,A,-,E,M,G,Y,-,-,-,-,"- ",,,N,-,0,1,B,2004,-,A,01,,B,,-,-,2023
9640976,3,2,N,M,42,A,-,-,-,-,O,-,-,-,-,"- ",,,N,-,1,0,-,,-,N,60,,H,,-,-,2023
9640976,4,3,N,-,998,H,H,E,-,-,O,-,-,-,-,"- ",,,N,-,0,0,O,2018,FORD,A,01,,,,-,-,2023
9640976,5,3,N,-,998,H,H,E,-,-,O,-,-,-,-,"- ",,,N,-,0,0,O,2007,-,A,01,,,,-,-,2023
9652831,1,4,Y,M,57,A,-,W,-,-,N,-,3,-,,24,22450,A,A,-,0,1,H,,-,L,04,,W,,-,-,2023
9652831,2,1,N,F,43,A,-,W,M,C,Y,-,3,-,-,"- ",,,N,-,0,0,A,2004,FORD,D,22,,W,,-,-,2023
9652832,1,1,Y,M,53,A,-,E,N,G,Y,-,3,-,-,"- ",,,-,-,0,0,D,2022,-,D,22,,H,,-,-,2023
9652832,2,1,N,F,73,A,-,E,M,G,Y,-,3,-,-,"- ",,,-,-,0,1,B,2013,-,A,01,,W,,-,-,2023
9652848,1,1,Y,F,84,A,-,E,M,G,Y,-,3,-,-,"- ",,,-,-,0,0,K,2001,-,A,01,,W,,-,-,2023
9652848,2,2,N,M,67,A,-,-,-,-,O,-,3,-,-,"- ",,,-,-,0,1,B,,-,N,60,,H,,-,-,2023
9652848,3,3,N,-,998,A,-,E,-,-,O,-,3,-,-,"- ",,,-,-,0,0,O,2020,-,D,22,,,,-,-,2023
9654262,1,1,N,M,60,A,-,E,M,B,Y,-,-,-,-,"- ",,,N,-,0,0,D,2008,-,-,,,B,,-,-,2023
9654262,2,2,N,F,998,G,G,-,-,-,O,-,-,-,-,"- ",,,N,-,0,1,A,,-,N,60,,W,,-,-,2023
9654264,1,1,Y,M,29,A,-,E,L,G,,-,-,-,-,"- ",,,N,-,0,1,B,2014,-,A,01,,H,,-,-,2023
9654264,2,1,N,M,63,A,-,N,M,G,N,-,-,-,-,"- ",,,N,-,0,1,B,2018,-,D,22,,H,,-,-,2023
9654268,1,1,Y,M,17,A,-,E,M,G,Y,-,-,-,,44,21451,A,A,-,0,1,E,1999,FORD,D,22,,B,,-,-,2023
9654268,2,1,N,F,27,A,-,E,L,G,N,-,-,-,,00,21655,1,A,-,0,2,B,2021,-,A,01,,B,,-,-,2023
9641479,1,1,Y,F,25,A,-,E,L,G,Y,-,3,-,-,"- ",,,N,-,0,1,P,2018,-,A,01,,O,,-,-,2023
9654975,1,1,Y,M,998,G,G,S,L,B,N,-,-,-,-,"- ",,,A,-,0,0,B,2004,-,A,01,,H,,-,-,2023
9654975,2,1,N,F,78,C,-,E,M,G,Y,-,-,-,-,"- ",,,N,-,0,1,B,2014,-,A,01,,B,,-,-,2023
9654994,1,1,Y,-,998,A,-,S,L,B,,-,-,-,-,"- ",,,A,-,0,0,B,2003,-,A,01,,,,-,-,2023
9654994,2,1,N,F,49,G,G,W,L,G,Y,-,3,-,-,"- ",,,N,-,0,3,B,2019,JEEP,A,07,,H,,-,-,2023
9654996,1,1,Y,-,998,G,G,E,L,B,,-,-,-,-,"- ",,,N,-,0,0,B,2022,AUDI,A,01,,,,-,-,2023
9654996,2,1,N,F,53,A,-,E,M,F,Y,-,-,-,-,"- ",,,N,-,0,1,O,2021,-,A,01,,B,,-,-,2023
9654996,3,1,N,-,998,G,G,E,N,B,,-,-,-,-,"- ",,,N,-,0,0,O,,-,-,99,,,,-,-,2023
9654996,4,3,N,-,998,A,-,E,-,-,O,-,-,-,-,"- ",,,N,-,0,0,O,2017,-,A,01,,,,-,-,2023
9654997,1,1,Y,-,998,G,G,W,P,B,,-,-,-,-,"- ",,,A,-,0,0,B,,-,-,99,,,,-,-,2023
9654997,2,2,N,F,18,A,-,-,-,-,O,-,-,-,-,"- ",,,N,-,0,1,B,,-,N,60,,B,,-,-,2023
9654998,1,1,Y,M,998,G,G,N,L,-,,-,-,-,-,"- ",,,N,-,0,0,B,2013,-,A,01,,B,,-,-,2023
9654998,2,1,N,F,49,A,-,W,L,G,Y,-,3,-,-,"- ",,,-,-,0,1,B,2014,-,A,01,,A,,-,-,2023
9655017,1,1,Y,M,57,G,G,S,P,W,,-,-,-,-,"- ",,,A,-,0,1,B,2008,-,C,02,,B,,-,-,2023
9655017,2,1,N,-,998,G,G,E,N,A,,-,-,-,-,"- ",,,A,-,0,0,E,,-,A,01,,,,-,-,2023
9655022,1,1,Y,M,64,G,G,W,M,B,Y,-,-,-,-,"- ",,,A,-,0,0,B,2022,-,A,01,,H,,-,-,2023
9655022,2,1,N,F,51,A,-,W,M,G,Y,-,-,-,-,"- ",,,N,-,0,1,B,2016,-,A,01,,H,,-,-,2023
9655026,1,1,Y,-,998,G,G,E,N,B,,-,-,-,-,"- ",,,A,-,0,0,B,2014,-,-,99,,,,-,-,2023
9655026,2,2,N,M,21,G,G,-,-,-,O,-,-,-,-,"- ",,,-,-,0,1,-,,-,N,60,,B,,-,-,2023
9655026,3,3,N,-,998,H,H,E,-,-,O,-,-,-,-,"- ",,,-,-,0,0,O,2004,-,A,01,,,,-,-,2023
9655031,1,1,Y,M,998,G,G,E,L,B,,-,-,-,-,"- ",,,M,-,0,0,B,2017,-,A,01,,,,-,-,2023
9655031,2,1,N,M,27,A,-,E,M,G,Y,-,-,-,-,"- ",,,N,-,0,0,A,2011,-,A,01,,W,,-,-,2023
9655031,3,1,N,M,38,A,-,E,M,G,,-,-,-,-,"- ",,,N,-,0,1,A,1997,-,A,01,,A,,-,-,2023
9655032,1,1,N,M,37,A,-,W,L,G,N,-,-,-,-,"- ",,,N,-,0,0,B,2010,-,A,08,,H,,-,-,2023
9655032,2,1,N,M,34,A,-,N,M,G,Y,-,-,-,-,"- ",,,N,-,0,2,B,2014,-,A,01,,H,,-,-,2023
9655629,1,1,Y,F,19,A,-,N,M,G,Y,-,3,-,-,"- ",,,N,-,0,1,J,2007,-,A,01,,B,,-,-,2023
9655629,2,1,N,F,39,A,-,N,M,G,Y,-,3,-,-,"- ",,,N,-,0,1,B,2015,-,A,01,,,,-,-,2023
9655629,3,1,N,F,76,A,-,N,M,G,Y,-,3,-,-,"- ",,,N,-,0,0,B,2009,-,A,07,,B,,-,-,2023
9655821,1,1,Y,M,60,A,-,W,M,G,N,-,-,-,-,"- ",,,A,-,0,0,B,2018,-,D,22,,W,,-,-,2023
9655821,2,1,N,M,68,A,-,S,M,G,N,-,-,-,-,"- ",,,N,-,0,1,B,2022,FORD,I,11,,O,,-,-,2023
9655829,1,1,Y,M,36,A,-,E,M,G,N,-,-,-,-,"- ",,,F,-,0,1,B,1993,FORD,A,08,,H,K,-,-,2023
9655829,2,1,N,M,86,A,-,E,M,G,Y,-,-,-,-,"- ",,,-,-,0,1,A,1971,-,A,01,,,,-,-,2023
9655829,3,1,N,F,39,A,-,W,M,G,,-,-,-,-,"- ",,,-,-,0,2,B,2017,-,I,11,,B,,-,-,2023
9655829,4,3,N,-,998,A,-,W,-,-,O,-,-,-,-,"- ",,,-,-,0,0,O,2000,-,A,01,,,,-,-,2023
9641641,1,1,Y,M,37,A,-,W,L,G,N,-,3,-,-,"- ",,,N,-,0,0,B,2014,-,A,01,,H,,-,-,2023
9641641,2,1,N,F,32,A,-,S,L,G,Y,-,-,-,-,"- ",,,N,-,0,1,B,2020,FORD,A,01,,B,,-,-,2023
9656269,1,1,Y,M,35,A,-,E,L,G,Y,-,3,-,-,"- ",,,N,-,0,1,B,2007,-,A,01,,W,,-,-,2023
9656269,2,1,N,F,46,A,-,S,L,G,Y,-,3,-,-,"- ",,,N,-,0,2,B,2016,-,A,01,,A,,-,-,2023