CASE_ID,PARTY_NUMBER,PARTY_TYPE,AT_FAULT,PARTY_SEX,PARTY_AGE,PARTY_SOBRIETY,PARTY_DRUG_PHYSICAL,DIR_OF_TRAVEL,PARTY_SAFETY_EQUIP_1,PARTY_SAFETY_EQUIP_2,FINAN_RESPONS,SP_INFO_1,SP_INFO_2,SP_INFO_3,OAF_VIOLATION_CODE,OAF_VIOL_CAT,OAF_VIOL_SECTION,OAF_VIOLATION_SUFFIX,OAF_1,OAF_2,PARTY_NUMBER_KILLED,PARTY_NUMBER_INJURED,MOVE_PRE_ACC,VEHICLE_YEAR,VEHICLE_MAKE,STWD_VEHICLE_TYPE,CHP_VEH_TYPE_TOWING,CHP_VEH_TYPE_TOWED,RACE,INATTENTION,SPECIAL_INFO_F,SPECIAL_INFO_G,ACCIDENT_YEAR
9724646,2,1,N,M,19,A,-,W,L,G,,-,-,-,-,"- ",,,N,-,0,0,E,2022,-,A,01,,B,,-,-,2024
9724648,1,1,Y,M,22,G,G,N,L,D,,-,-,-,-,"- ",,,A,-,0,1,B,2015,-,A,01,,B,,-,-,2024
9724648,2,1,N,M,20,A,-,N,L,G,N,-,-,-,-,"- ",,,N,-,0,1,E,2006,-,A,01,,O,,-,-,2024
9724648,3,3,N,-,998,H,H,S,-,-,O,-,-,-,-,"- ",,,N,-,0,0,O,2023,-,A,01,,,,-,-,2024
9724648,4,3,N,-,998,H,H,S,-,-,O,-,-,-,-,"- ",,,N,-,0,0,O,2021,-,A,01,,,,-,-,2024
9724648,5,3,N,-,998,H,H,S,-,-,O,-,-,-,-,"- ",,,N,-,0,0,O,2007,-,A,01,,,,-,-,2024
9724648,6,3,N,-,998,H,H,S,-,-,O,-,-,-,-,"- ",,,N,-,0,0,O,2012,-,A,01,,,,-,-,2024
9724655,1,1,Y,M,72,A,-,N,M,G,Y,-,3,-,-,"- ",,,N,-,0,0,A,2022,FORD,A,07,,W,,-,-,2024
9724655,2,4,N,M,31,C,-,S,-,-,O,-,3,-,-,"- ",,,N,-,0,1,A,,-,L,04,,W,,-,-,2024
9724658,1,1,Y,F,20,D,-,S,N,B,N,-,-,-,-,"- ",,,N,-,0,0,B,2008,-,A,01,,,,-,-,2024
9724658,2,1,N,F,65,A,-,E,M,G,N,-,-,-,-,"- ",,,N,-,0,1,B,2017,JEEP,A,01,,B,,-,-,2024
9725683,1,1,Y,F,72,A,-,W,M,G,Y,-,-,-,-,"- ",,,N,-,0,0,H,2017,-,A,01,,B,,-,-,2024
9725683,2,1,N,F,49,A,-,W,M,G,Y,-,-,-,-,"- ",,,N,-,0,2,H,2013,-,A,01,,H,,-,-,2024
9725685,1,1,N,F,55,A,-,E,M,G,Y,-,3,-,-,"- ",,,N,-,0,1,B,2021,-,A,01,,B,,-,-,2024
9725685,2,1,N,M,74,A,-,N,M,G,Y,-,3,-,-,"- ",,,N,-,0,0,B,2015,-,A,01,,O,,-,-,2024
9725687,1,1,Y,M,998,G,G,E,M,B,,-,-,-,-,"- ",,,N,-,0,0,D,1999,FORD,D,22,,W,,-,-,2024
9725687,2,1,N,M,53,C,-,W,L,G,Y,-,-,-,-,"- ",,,N,-,0,1,A,2020,-,A,07,,H,,-,-,2024
9725701,1,1,Y,M,26,A,-,W,M,G,N,-,3,-,-,"- ",,,N,-,0,2,B,2014,-,A,01,,B,,-,-,2024
9725701,2,1,N,M,52,A,-,N,M,G,Y,-,3,-,-,"- ",,,N,-,0,0,B,1976,-,A,01,,W,,-,-,2024
9725703,1,1,Y,F,998,G,G,E,M,B,N,-,-,-,-,"- ",,,N,-,0,0,B,2015,-,A,01,,H,,-,-,2024
9725703,2,1,N,M,41,A,-,E,M,G,Y,-,-,-,-,"- ",,,N,-,0,1,B,2008,-,A,01,,H,,-,-,2024
9725703,3,3,N,-,998,H,H,E,-,-,O,-,-,-,-,"- ",,,N,-,0,0,O,2017,-,A,01,,,,-,-,2024
9725708,1,1,Y,-,998,G,G,W,-,-,,-,-,-,-,"- ",,,A,-,0,0,B,,-,-,99,,,,-,-,2024
9725708,2,2,N,M,19,A,-,S,-,-,O,-,-,-,-,"- ",,,N,-,0,1,R,,-,N,60,,,,-,-,2024
9725737,1,1,Y,-,998,G,G,S,L,B,,-,-,-,-,"- ",,,N,-,0,0,B,2005,-,A,01,,,,-,-,2024
9725737,2,1,N,F,36,A,-,W,L,G,Y,-,-,-,-,"- ",,,N,-,0,3,B,2011,-,A,01,,H,,-,-,2024
9725739,1,1,Y,M,35,A,-,E,L,G,Y,-,-,-,-,"- ",,,N,-,0,1,B,2016,-,A,07,,B,,-,-,2024
9725739,2,1,N,M,998,G,G,N,M,B,,-,-,-,-,"- ",,,N,-,0,0,B,2005,-,A,07,,W,,-,-,2024
9725740,1,1,Y,M,68,A,-,E,M,G,Y,-,-,-,-,"- ",,,N,-,0,0,B,2003,FORD,D,22,,H,,-,-,2024
9725740,2,1,N,M,34,A,-,E,M,G,Y,-,-,-,-,"- ",,,N,-,0,2,B,2003,-,A,07,,H,,-,-,2024
9725786,1,1,Y,M,998,-,-,N,-,-,,-,-,-,-,"- ",,,N,-,0,0,-,,-,A,01,,H,,-,-,2024
9725786,2,1,N,M,62,H,H,E,M,G,N,-,-,-,-,"- ",,,N,-,0,1,-,2006,-,A,01,,B,,-,-,2024
9725842,1,1,Y,M,41,G,G,N,L,G,,-,-,-,-,"- ",,,N,-,0,1,B,2021,-,A,01,,H,,-,-,2024
9725842,2,1,N,M,48,A,-,W,L,G,Y,-,-,-,-,"- ",,,N,-,0,1,B,2006,-,A,01,,B,,-,-,2024
9725842,3,3,N,-,998,H,H,S,-,-,O,-,-,-,-,"- ",,,N,-,0,0,O,1994,-,A,01,,,,-,-,2024
9725844,1,1,Y,M,998,G,G,N,M,B,N,-,3,-,-,"- ",,,N,-,0,0,B,2014,-,A,01,,B,,-,-,2024
9725844,2,1,N,F,49,A,-,W,L,G,Y,-,3,-,-,"- ",,,N,-,0,2,B,2012,-,A,01,,H,,-,-,2024
9725845,1,1,Y,M,20,A,-,N,L,G,Y,-,3,-,-,"- ",,,N,-,0,0,B,2015,-,A,07,,W,,-,-,2024
9725845,2,1,N,F,43,A,-,W,L,G,Y,-,3,-,-,"- ",,,N,-,0,1,B,2014,-,A,01,,B,,-,-,2024
9726846,1,1,Y,M,17,A,-,W,M,G,Y,-,3,-,-,"- ",,,N,-,0,0,A,2010,-,A,01,,H,,-,-,2024
9726846,2,1,N,F,34,A,-,S,M,G,Y,-,3,-,-,"- ",,,N,-,0,1,B,2016,AUDI,A,01,,B,,-,-,2024
9726847,1,1,Y,M,18,G,G,S,M,B,,-,-,-,,33,21806,A,A,-,0,0,J,2019,-,A,01,,B,,-,-,2024
9726847,2,1,N,M,68,A,-,S,M,G,N,-,3,-,-,"- ",,,N,-,0,1,A,2011,-,A,07,,H,,-,-,2024
9726853,1,1,Y,F,35,A,-,W,L,G,Y,-,3,-,-,"- ",,,N,-,0,1,E,2013,-,A,01,,A,,-,-,2024
9726853,2,1,N,M,37,C,-,E,L,G,Y,-,3,-,-,"- ",,,N,-,0,2,B,2018,-,A,01,,W,,-,-,2024
9727127,1,1,Y,M,31,A,-,N,M,G,Y,-,-,-,-,"- ",,,N,-,0,0,E,2012,FORD,F,26,,B,,-,-,2024
9727127,2,2,N,M,84,A,-,W,-,-,O,-,-,-,-,"- ",,,N,-,0,1,R,,-,N,60,,W,,-,-,2024
9727221,1,1,Y,F,22,G,G,N,L,B,,-,-,-,-,"- ",,,A,-,0,1,B,2008,-,A,01,,H,,-,-,2024
9727270,1,1,Y,M,31,A,-,N,L,G,Y,-,3,-,-,"- ",,,N,-,0,1,B,2014,-,A,01,,H,,-,-,2024
9727270,2,1,N,M,35,A,-,W,L,G,Y,-,3,-,-,"- ",,,N,-,0,1,B,2024,-,A,01,,B,,-,-,2024
9727273,1,5,N,-,998,A,-,-,-,-,O,-,3,-,-,"- ",,,N,-,0,1,B,,-,O,05,,,,-,-,2024
9727273,2,1,N,M,55,A,-,E,M,G,Y,-,3,-,-,"- ",,,N,-,0,0,B,2017,-,A,01,,W,,-,-,2024
9727291,1,1,Y,-,998,G,G,-,-,B,,-,-,-,-,"- ",,,N,-,0,0,-,,-,A,01,,,,-,-,2024
9727291,2,2,N,F,54,C,-,-,-,-,O,-,-,-,-,"- ",,,N,-,0,1,-,,-,N,60,,B,,-,-,2024
9727344,1,1,Y,M,32,C,-,E,L,G,,-,-,-,-,"- ",,,N,-,0,1,M,2007,-,A,01,,H,,-,-,2024
9727344,2,3,N,-,998,H,H,E,-,-,O,-,-,-,-,"- ",,,N,-,0,0,O,2003,-,A,01,,,,-,-,2024
9727344,3,3,N,-,998,H,H,E,-,-,O,-,-,-,-,"- ",,,N,-,0,0,O,2018,-,A,07,,,,-,-,2024
9727344,4,3,N,-,998,H,H,E,-,-,O,-,-,-,-,"- ",,,N,-,0,0,O,2015,-,A,01,,,,-,-,2024
9727344,5,3,N,-,998,H,H,W,-,-,O,-,-,-,-,"- ",,,N,-,0,0,O,2016,-,A,07,,,,-,-,2024
9727345,1,1,Y,M,75,A,-,W,M,G,Y,-,3,-,-,"- ",,,N,-,0,1,E,2003,-,A,07,,B,,-,-,2024
9727345,2,1,N,F,59,A,-,W,M,G,,-,3,-,-,"- ",,,N,-,0,2,B,2017,-,I,09,,B,,-,-,2024
9727346,1,1,Y,-,998,D,-,N,-,-,,-,-,-,-,"- ",,,O,-,0,0,B,,-,-,,,,,-,-,2024
9727346,2,1,N,M,51,C,-,N,M,G,Y,-,3,-,-,"- ",,,N,-,0,1,D,2008,-,A,01,,B,,-,-,2024
9727347,1,1,N,F,34,A,-,W,M,G,,-,-,-,-,"- ",,,N,-,0,1,B,2013,-,A,01,,B,,-,-,2024
9727347,2,1,N,F,25,A,-,S,M,G,Y,-,-,-,-,"- ",,,N,-,0,0,B,2023,-,A,01,,H,,-,-,2024
9727520,1,4,Y,M,70,A,-,W,-,-,N,-,3,-,-,"- ",,,N,-,0,1,B,,-,L,04,,H,,-,-,2024
9727520,2,1,N,M,63,A,-,N,M,G,Y,-,-,-,-,"- ",,,N,-,0,0,D,2015,-,A,01,,H,,-,-,2024
9727521,1,1,Y,-,998,G,G,S,B,-,,-,-,-,-,"- ",,,N,-,0,0,B,,-,A,08,,,,-,-,2024
9727521,2,1,N,M,34,A,-,E,L,G,Y,-,-,-,-,"- ",,,N,-,0,4,B,2011,-,A,01,,H,,-,-,2024
9727523,1,1,Y,F,18,A,-,S,L,G,Y,-,3,-,-,"- ",,,N,-,0,1,E,2007,-,A,01,,A,,-,-,2024
9727523,2,1,N,M,61,A,-,N,L,G,Y,-,3,-,-,"- ",,,N,-,0,1,B,2020,-,A,01,,W,,-,-,2024
9727523,3,1,N,M,69,A,-,W,M,G,Y,-,3,-,-,"- ",,,N,-,0,1,A,2021,-,A,01,,B,,-,-,2024
9727530,1,1,Y,M,19,G,G,S,-,B,,-,-,-,,25,22350,,A,-,0,0,M,2013,-,A,01,,B,,-,-,2024
9727530,2,2,N,F,22,A,-,-,-,-,O,-,-,-,-,"- ",,,N,-,0,1,-,,-,N,60,,B,,-,-,2024
9727530,3,2,N,M,54,A,-,-,-,-,O,-,-,-,-,"- ",,,N,-,0,1,-,,-,N,60,,H,,-,-,2024
9727530,4,2,N,F,25,A,-,-,-,-,O,-,-,-,-,"- ",,,N,-,0,1,-,,-,N,60,,H,,-,-,2024
9727532,1,1,Y,F,33,A,-,W,L,G,Y,-,3,-,-,"- ",,,N,-,0,1,B,1997,-,A,07,,W,,-,-,2024
9727532,2,1,N,F,41,A,-,N,M,G,Y,-,3,-,-,"- ",,,N,-,0,1,R,2013,-,A,01,,W,,-,-,2024
9727783,1,1,Y,M,998,G,G,N,B,-,,-,-,-,,19,20001,,A,-,0,0,B,,-,A,01,,W,,-,-,2024
9727783,2,2,N,M,998,H,H,-,-,-,O,-,-,-,-,"- ",,,-,-,0,1,-,,-,N,60,,,,-,-,2024
9727783,3,3,N,-,998,-,-,N,-,-,O,-,-,-,-,"- ",,,-,-,0,0,-,2021,-,A,07,,,,-,-,2024
9727787,1,1,Y,M,998,G,G,N,N,B,,-,-,-,-,"- ",,,A,-,0,1,E,,-,-,99,,B,,-,-,2024
9727787,2,2,N,M,45,C,-,W,-,-,O,-,-,-,-,"- ",,,N,-,0,0,-,,-,N,60,,B,,-,-,2024
9727789,1,1,Y,M,19,A,-,N,P,W,N,-,-,-,-,"- ",,,-,-,0,0,B,2014,-,C,02,,H,,-,-,2024
9727789,2,3,N,-,998,-,-,S,-,-,O,-,-,-,-,"- ",,,N,-,0,1,O,1998,-,A,01,,,,-,-,2024
9727789,3,3,N,-,998,H,H,S,-,-,O,-,-,-,-,"- ",,,N,-,0,0,O,2006,-,A,01,,,,-,-,2024
9728612,1,1,Y,M,74,A,-,S,M,G,Y,-,3,-,-,"- ",,,N,-,0,1,H,2005,-,A,01,,B,,-,-,2024
9728612,2,1,N,M,28,A,-,S,M,G,Y,-,3,-,-,"- ",,,N,-,0,1,A,2012,-,A,01,,B,,-,-,2024
9728616,1,1,Y,M,25,A,-,W,L,G,Y,-,-,-,-,"- ",,,N,-,0,1,B,2008,-,A,01,,H,,-,-,2024
9728616,2,1,N,F,36,A,-,S,M,G,Y,-,-,-,-,"- ",,,N,-,0,0,B,2020,-,A,07,,W,,-,-,2024
9729049,1,1,Y,M,998,G,G,E,L,B,,-,-,-,-,"- ",,,N,-,0,0,B,2003,-,A,01,,,,-,-,2024
9729049,2,1,N,M,29,A,-,S,M,G,,-,3,-,-,"- ",,,N,-,0,1,B,2006,-,A,07,,H,,-,-,2024
9729055,1,1,Y,F,49,A,-,E,L,G,Y,-,3,-,-,"- ",,,N,-,0,1,B,2013,FORD,A,07,,H,,-,-,2024
9729055,2,1,N,M,27,A,-,S,P,W,,-,3,-,-,"- ",,,N,-,0,1,H,2022,-,C,02,,B,,-,-,2024
9729057,1,1,Y,-,998,G,G,E,-,B,,-,-,-,-,"- ",,,N,-,0,0,E,,-,A,07,,,,-,-,2024
9729057,2,2,N,F,54,A,-,S,-,-,O,-,-,-,-,"- ",,,N,-,0,1,B,,-,N,60,,B,,-,-,2024
9729058,1,1,N,M,21,A,-,N,L,G,Y,-,-,-,-,"- ",,,N,-,0,1,B,2020,-,A,01,,H,,-,-,2024
9729058,2,1,N,F,35,A,-,W,M,G,Y,-,-,-,-,"- ",,,N,-,0,1,B,2018,-,A,01,,H,,-,-,2024
9729059,1,1,Y,M,36,A,-,W,L,F,Y,-,-,-,-,"- ",,,E,-,0,0,B,2016,-,A,01,,W,,-,-,2024
9729059,2,1,N,F,27,A,-,S,L,D,,-,-,-,-,"- ",,,N,-,0,2,B,2013,-,A,01,,H,,-,-,2024
9730407,1,1,Y,-,998,G,G,W,B,-,,-,-,-,-,"- ",,,N,-,0,0,E,,-,A,01,,,,-,-,2024
9730407,2,1,N,M,37,A,-,W,M,G,Y,-,3,-,-,"- ",,,N,-,0,1,B,2017,-,I,11,,B,,-,-,2024
9730410,1,1,Y,M,998,G,G,W,M,B,,-,-,-,-,"- ",,,N,-,0,0,B,,-,D,22,,B,,-,-,2024
9730410,2,2,N,M,22,-,-,S,-,-,O,-,-,-,-,"- ",,,N,-,0,1,B,,-,N,60,,B,,-,-,2024
9730413,1,1,Y,M,29,A,-,S,M,G,Y,-,-,-,-,"- ",,,N,-,0,0,E,2022,-,D,22,,H,,-,-,2024
9730413,2,1,N,F,31,A,-,W,M,G,Y,-,-,-,-,"- ",,,N,-,0,1,B,2007,FORD,A,01,,H,,-,-,2024
9730613,1,4,Y,F,74,A,-,N,-,-,,-,3,-,-,"- ",,,N,-,0,1,B,,-,L,04,,,,-,-,2024
9730613,2,1,N,M,63,A,-,E,M,G,Y,-,3,-,-,"- ",,,N,-,0,0,L,2022,FORD,A,01,,W,,-,-,2024
9730615,1,1,Y,M,998,G,G,S,-,B,,-,-,-,-,"- ",,,N,-,0,0,B,,-,A,01,,H,,-,-,2024
9730615,2,1,N,F,32,A,-,E,L,F,Y,-,3,-,-,"- ",,,N,-,0,1,B,2018,-,A,01,,B,,-,-,2024
9726036,1,1,Y,M,72,A,-,E,M,H,Y,-,-,-,-,"- ",,,N,-,0,0,B,2015,-,F,26,,W,,-,-,2024
9726036,2,1,N,F,18,A,-,S,L,G,Y,-,-,-,-,"- ",,,N,-,0,1,B,2007,-,A,01,,H,,-,-,2024
9725612,1,1,Y,M,24,A,-,N,L,H,,-,-,-,-,"- ",,,N,-,0,1,B,2007,-,A,01,,H,,-,-,2024
9725612,2,1,N,-,998,G,G,E,-,B,,-,-,-,-,"- ",,,N,-,0,0,B,,-,D,22,,,,-,-,2024
9725612,3,1,N,M,47,A,-,W,M,G,,-,-,-,-,"- ",,,N,-,0,0,B,2017,-,I,20,,B,,-,-,2024
9725611,1,1,Y,-,998,G,G,W,N,B,,-,-,-,-,"- ",,,N,-,0,0,B,,-,D,22,,,,-,-,2024
9725611,2,2,N,M,19,H,H,S,-,-,O,-,-,-,-,"- ",,,N,-,0,1,-,,-,N,60,,B,,-,-,2024
9725387,1,1,Y,-,998,G,G,E,B,-,,-,-,-,-,"- ",,,N,-,0,0,D,,-,D,22,,,,-,-,2024
9725387,2,4,N,M,31,A,-,N,-,-,,-,-,-,-,"- ",,,N,-,0,1,C,,-,L,04,,H,,-,-,2024
9724565,1,1,Y,M,52,A,-,E,M,G,Y,-,-,-,-,"- ",,,A,-,0,0,E,2017,-,A,01,,A,,-,-,2024
9724565,2,2,N,F,35,A,-,N,-,-,O,-,-,-,-,"- ",,,-,-,0,1,-,,-,N,60,,B,,-,-,2024
9720918,1,1,Y,F,37,A,-,W,M,G,Y,-,3,-,,31,22107,,A,-,0,0,E,2019,-,A,01,,A,,-,-,2024
9720918,2,1,N,M,20,A,-,S,M,G,Y,-,3,-,-,"- ",,,N,-,0,1,B,2010,-,A,01,,W,,-,-,2024
9720918,3,3,N,-,998,A,-,S,-,-,O,-,3,-,-,"- ",,,N,-,0,0,O,2019,-,A,01,,,,-,-,2024
9720199,1,1,Y,-,998,G,G,-,B,-,N,-,-,-,-,"- ",,,-,-,0,0,B,,-,A,01,,,,-,-,2024
9720199,2,1,N,F,75,A,-,W,M,G,N,-,-,-,-,"- ",,,-,-,0,1,A,1999,-,A,01,,B,,-,-,2024
9720199,3,1,N,F,58,A,-,W,M,G,N,-,-,-,-,"- ",,,-,-,0,0,A,2014,-,A,01,,A,,-,-,2024
9716858,1,1,Y,M,31,G,G,N,L,G,,-,-,-,-,"- ",,,N,-,0,1,B,2018,-,A,01,,W,,-,-,2024
9716858,2,1,N,M,31,A,-,E,L,G,,-,-,-,-,"- ",,,N,-,0,2,B,2016,-,A,01,,B,,-,-,2024
9715399,1,1,N,M,23,A,-,W,L,G,Y,-,3,-,-,"- ",,,N,-,0,0,E,2003,-,A,01,,H,,-,-,2023
9715399,2,1,N,F,37,A,-,S,L,G,Y,-,3,-,-,"- ",,,N,-,0,1,E,2013,-,A,01,,H,,-,-,2023
9713503,1,1,Y,M,998,H,H,S,N,B,,-,-,-,-,"- ",,,N,-,0,0,B,2013,-,A,01,,H,,-,-,2024
9713503,2,1,N,F,24,A,-,S,M,G,Y,-,-,-,-,"- ",,,N,-,0,1,A,2019,-,A,01,,B,,-,-,2024
9713502,1,1,Y,F,78,A,-,S,L,G,Y,-,3,-,-,"- ",,,N,-,0,0,B,2020,-,A,01,,W,,-,-,2024
9713502,2,1,N,M,36,A,-,W,L,G,Y,-,-,-,-,"- ",,,N,-,0,1,B,2009,-,A,01,,H,,-,-,2024
9713492,1,1,Y,F,22,A,-,S,L,G,N,-,-,-,-,"- ",,,N,-,0,1,B,2017,-,A,01,,H,,-,-,2024
9713492,2,1,N,M,20,A,-,W,L,G,N,-,-,-,-,"- ",,,N,-,0,0,B,2005,-,A,01,,H,,-,-,2024
9713492,3,1,N,M,34,A,-,E,M,G,Y,-,-,-,-,"- ",,,N,-,0,0,A,2015,-,A,01,,H,,-,-,2024
9713049,1,1,Y,F,29,A,-,W,L,G,N,-,3,-,-,"- ",,,N,-,0,1,B,2010,-,A,01,,H,,-,-,2024
9713049,2,1,N,F,37,A,-,S,L,G,Y,-,3,-,-,"- ",,,N,-,0,0,B,2006,-,A,01,,H,,-,-,2024
9713048,1,1,Y,M,20,B,-,S,L,C,,-,-,-,-,"- ",,,A,-,0,1,C,2017,-,A,01,,H,,-,-,2024
9713048,2,3,N,-,998,H,H,S,-,-,O,-,-,-,-,"- ",,,N,-,0,0,O,2021,-,A,01,,,,-,-,2024
9730627,1,1,Y,M,45,A,-,S,L,G,Y,-,-,-,-,"- ",,,N,-,0,0,R,2022,-,A,01,,W,,-,-,2024
9730627,2,3,N,-,998,A,-,N,-,-,O,-,-,-,-,"- ",,,N,-,0,1,O,2012,AUDI,A,01,,,,-,-,2024
9730629,1,1,Y,F,16,A,-,S,L,G,N,-,3,-,,31,22107,,A,-,0,2,B,2016,-,A,07,,B,,-,-,2024
9730629,2,1,N,M,39,A,-,S,M,G,Y,-,-,-,-,"- ",,,N,-,0,0,A,2018,-,A,01,,B,,-,-,2024
9731726,1,1,Y,F,41,-,I,S,M,E,Y,-,3,-,-,"- ",,,N,-,0,1,B,2012,-,A,08,,O,,-,-,2024
9731726,2,1,N,F,19,A,-,W,L,G,Y,-,3,-,-,"- ",,,N,-,0,0,B,2018,-,A,01,,O,,-,-,2024
9731727,1,1,N,M,69,A,-,E,M,Q,Y,-,3,-,,25,22350,,A,-,0,1,B,2010,-,A,01,,O,,-,-,2024
9731727,2,1,N,M,35,A,-,E,M,Q,Y,-,3,-,-,"- ",,,N,-,0,0,B,2001,-,A,01,,H,,-,-,2024
9731727,3,1,N,F,31,A,-,E,M,Q,Y,-,3,-,-,"- ",,,N,-,0,1,B,2022,-,A,07,,B,,-,-,2024
9731727,4,1,N,M,37,A,-,E,M,Q,,-,3,-,-,"- ",,,N,-,0,0,A,2014,-,A,01,,W,,-,-,2024
9731727,5,3,N,-,998,H,H,-,-,-,O,-,3,-,-,"- ",,,N,-,0,0,O,2015,-,A,01,,,,-,-,2024
9731732,1,1,Y,F,63,A,-,-,B,-,,-,3,-,-,"- ",,,N,-,0,0,B,,-,A,01,,A,,-,-,2024
9731732,2,4,N,F,27,A,-,N,-,-,,-,3,-,-,"- ",,,N,-,0,1,B,,-,L,04,,A,,-,-,2024
9731736,1,1,Y,M,24,A,-,N,M,G,,-,3,-,-,"- ",,,N,-,0,0,L,2022,-,A,01,,A,,-,-,2024
9731736,2,1,N,M,78,A,-,N,M,G,Y,-,3,-,-,"- ",,,N,-,0,1,B,2004,FORD,A,01,,B,,-,-,2024
9731740,1,1,Y,F,47,A,-,E,M,G,Y,-,3,-,-,"- ",,,N,-,0,1,E,2017,-,A,01,,A,,-,-,2024
9731740,2,1,N,M,45,A,-,N,L,G,Y,-,3,-,-,"- ",,,N,-,0,0,B,2018,-,A,01,,W,,-,-,2024
9731744,1,1,Y,F,32,A,-,N,L,G,Y,-,3,-,-,"- ",,,N,-,0,1,B,2015,-,A,01,,B,,-,-,2024
9731744,2,1,N,M,23,A,-,N,M,G,Y,-,3,-,-,"- ",,,N,-,0,2,A,2008,-,A,07,,H,,-,-,2024
9731747,1,1,Y,M,18,A,-,W,L,G,Y,-,3,-,-,"- ",,,N,-,0,1,B,2008,-,A,01,,H,,-,-,2024
9731747,2,1,N,M,39,A,-,S,L,G,Y,-,3,-,-,"- ",,,-,-,0,1,B,2023,-,A,01,,O,,-,-,2024
9731748,1,1,Y,M,998,G,G,W,B,-,,-,3,-,,19,20001,A,A,-,0,0,B,2015,-,A,01,,H,,-,-,2024
9731748,2,5,N,-,998,A,-,N,-,-,O,-,3,-,,33,21804,A,A,-,0,1,B,,-,M,94,,,,-,-,2024
9731750,1,1,Y,F,69,A,-,W,M,G,Y,-,3,-,-,"- ",,,N,-,0,0,D,2011,-,A,01,,B,,-,-,2024
9731750,2,4,N,F,51,A,-,S,-,-,,-,3,-,-,"- ",,,N,-,0,1,B,,-,L,04,,A,,-,-,2024
9732725,1,1,Y,F,30,A,-,W,L,G,Y,-,3,-,-,"- ",,,N,-,0,1,B,2011,-,A,01,,H,,-,-,2024
9732725,2,1,N,M,56,A,-,S,P,C,,-,3,-,-,"- ",,,N,-,0,0,B,,-,M,44,,W,,-,-,2024
9733065,1,1,Y,M,69,A,-,S,L,G,Y,-,3,-,-,"- ",,,-,-,0,1,B,2018,-,A,01,,A,,-,-,2024
9733065,2,1,N,M,39,A,-,E,L,G,Y,-,3,-,-,"- ",,,-,-,0,1,B,2016,-,A,01,,W,,-,-,2024
9733393,1,1,Y,M,32,A,-,S,M,G,Y,-,-,-,-,"- ",,,N,-,0,0,B,2018,-,A,01,,O,,-,-,2024
9733393,2,1,N,F,33,A,-,S,M,G,,-,-,-,-,"- ",,,N,-,0,1,A,2003,-,A,01,,B,,-,-,2024
9733393,3,1,N,M,27,A,-,W,M,G,Y,-,-,-,-,"- ",,,N,-,0,0,B,2012,-,A,01,,B,,-,-,2024
9733606,1,1,Y,F,27,A,-,N,L,G,Y,-,-,-,-,"- ",,,N,-,0,1,B,2021,-,A,07,,W,,-,-,2024
9733606,2,1,N,M,37,A,-,W,L,G,Y,-,3,-,-,"- ",,,N,-,0,1,B,2023,-,A,01,,O,,-,-,2024
9733639,1,1,Y,-,998,G,G,E,L,B,,-,-,-,-,"- ",,,N,-,0,0,B,2015,-,A,01,,,,-,-,2023
9733639,2,1,N,M,47,A,-,N,L,G,,-,-,-,-,"- ",,,N,-,0,1,B,2011,-,A,07,,B,,-,-,2023
9733656,1,1,Y,M,41,A,-,S,M,G,Y,-,-,-,-,"- ",,,N,-,0,1,B,2011,-,A,01,,B,,-,-,2024
9733656,2,3,N,-,998,H,H,-,-,-,O,-,-,-,-,"- ",,,-,-,0,0,O,2011,-,A,01,,,,-,-,2024
9733748,1,1,Y,M,36,B,-,W,M,B,N,-,-,-,-,"- ",,,N,-,0,1,B,1997,-,-,,,W,,-,-,2024
9733761,1,1,Y,F,998,G,G,E,N,B,,-,-,-,-,"- ",,,N,-,0,0,B,,-,-,99,,,,-,-,2024
9733761,2,1,N,M,34,A,-,E,M,X,,-,-,-,-,"- ",,,N,-,0,1,A,,-,M,94,,B,,-,-,2024
9733763,1,1,N,M,39,A,-,S,M,G,Y,-,-,-,-,"- ",,,N,-,0,0,B,2017,FORD,A,01,,H,,-,-,2024
9733763,2,2,Y,M,3,A,-,W,-,-,O,-,-,-,-,"- ",,,N,-,0,1,-,,-,N,60,,H,,-,-,2024
9734444,1,1,Y,M,998,G,G,W,L,B,,-,-,-,,25,22350,,A,-,0,0,B,2014,-,A,01,,H,,-,-,2024
9734444,2,1,N,M,33,A,-,S,M,G,Y,-,-,-,-,"- ",,,N,-,0,1,B,2017,-,A,01,,H,,-,-,2024
9734462,1,1,Y,F,69,A,-,N,L,G,Y,-,-,-,-,"- ",,,N,-,0,1,B,2019,-,A,01,,B,,-,-,2024
9734462,2,3,N,-,998,H,H,-,-,-,O,-,-,-,-,"- ",,,N,-,0,0,O,2013,-,A,01,,,,-,-,2024
9734464,1,1,Y,M,36,B,-,W,M,B,N,-,-,-,-,"- ",,,N,-,0,0,B,2001,-,A,08,,H,,-,-,2024
9734464,2,1,N,F,41,A,-,S,M,G,Y,-,-,-,-,"- ",,,N,-,0,1,A,2016,-,A,01,,A,,-,-,2024
9734466,1,1,Y,M,998,G,G,E,N,B,,-,3,-,-,"- ",,,A,-,0,0,B,,-,A,01,,W,,-,-,2024
9734466,2,1,N,F,19,A,-,E,M,G,Y,-,3,-,-,"- ",,,A,N,0,2,E,2019,-,A,01,,B,,-,-,2024
9734470,1,1,Y,F,29,A,-,W,L,G,Y,-,-,-,-,"- ",,,N,-,0,1,B,2007,-,A,01,,H,,-,-,2024