CASE_ID,PARTY_NUMBER,PARTY_TYPE,AT_FAULT,PARTY_SEX,PARTY_AGE,PARTY_SOBRIETY,PARTY_DRUG_PHYSICAL,DIR_OF_TRAVEL,PARTY_SAFETY_EQUIP_1,PARTY_SAFETY_EQUIP_2,FINAN_RESPONS,SP_INFO_1,SP_INFO_2,SP_INFO_3,OAF_VIOLATION_CODE,OAF_VIOL_CAT,OAF_VIOL_SECTION,OAF_VIOLATION_SUFFIX,OAF_1,OAF_2,PARTY_NUMBER_KILLED,PARTY_NUMBER_INJURED,MOVE_PRE_ACC,VEHICLE_YEAR,VEHICLE_MAKE,STWD_VEHICLE_TYPE,CHP_VEH_TYPE_TOWING,CHP_VEH_TYPE_TOWED,RACE,INATTENTION,SPECIAL_INFO_F,SPECIAL_INFO_G,ACCIDENT_YEAR
9469824,1,1,Y,F,15,A,-,S,M,G,,-,-,-,-,"- ",,,N,-,0,0,B,2014,-,A,01,,H,,-,-,2023
9469824,2,1,N,M,40,D,-,E,P,V,,-,-,-,-,"- ",,,N,-,0,1,B,2021,-,C,06,,B,,-,-,2023
9469824,3,1,N,M,59,A,-,N,M,G,Y,-,-,-,-,"- ",,,N,-,0,0,A,2000,-,A,01,,B,,-,-,2023
94752401,1,1,Y,M,17,A,-,W,M,G,Y,-,3,-,-,"- ",,,N,-,0,0,B,2013,TOYT,A,07,,A,,-,-,2025
94752401,2,1,N,M,31,A,-,W,M,G,Y,-,3,-,-,"- ",,,N,-,0,1,H,2022,TOYT,A,01,,W,,-,-,2025
94753908,1,1,Y,F,26,B,-,N,L,G,N,-,3,-,,25,22350,,A,-,0,1,H,2019,VOLK,A,07,,B,,-,-,2025
94758188,1,1,Y,M,30,G,G,E,P,W,N,-,3,-,-,"- ",,,N,-,1,0,S,2014,TRIU,C,02,,W,,-,-,2025
94758188,2,1,N,M,35,A,-,E,M,G,Y,-,3,-,-,"- ",,,N,-,0,0,J,2004,TOYT,A,01,,W,,-,-,2025
94758188,3,1,N,F,56,A,-,E,M,G,Y,-,3,-,-,"- ",,,N,-,0,0,B,2015,JEEP,A,07,,B,,-,-,2025
94763799,1,1,Y,M,41,B,E,E,L,G,Y,-,3,-,,31,22107,,A,-,0,2,R,2005,TOYT,A,01,,H,,-,-,2025
94770011,1,1,Y,M,22,A,-,N,M,G,Y,-,3,-,-,"- ",,,N,-,0,3,R,1997,BMW,A,01,,B,,-,-,2025
94770011,2,1,N,M,35,A,-,N,M,G,Y,-,3,-,-,"- ",,,N,-,0,0,B,2013,TOYT,A,01,,B,,-,-,2025
94770538,1,1,Y,M,47,B,-,N,L,H,Y,-,4,-,,31,22107,,A,-,0,2,R,2012,CHEV,A,08,,B,,-,-,2025
94730949,1,1,Y,-,998,G,G,S,B,B,N,-,4,-,-,"- ",,,N,-,0,0,B,2008,MERZ,-,99,,,,-,-,2025
94730949,2,1,N,M,21,A,-,N,M,G,Y,-,3,-,-,"- ",,,N,-,0,0,E,2004,CADI,A,01,,H,,-,-,2025
94730949,3,2,N,M,23,H,H,N,-,-,O,-,3,-,-,"- ",,,N,-,0,1,-,,-,N,60,,O,,-,-,2025
94771160,1,1,Y,M,86,A,-,S,M,G,Y,-,3,-,-,"- ",,,N,-,0,0,B,2002,LEXS,A,01,,A,,-,-,2025
94771160,2,1,N,M,56,A,-,S,M,G,Y,-,3,-,-,"- ",,,N,-,0,4,H,2005,HOND,A,07,,H,,-,-,2025
94825988,1,1,Y,-,998,G,G,E,B,B,Y,-,4,-,-,"- ",,,N,-,0,0,J,,UNKNOWN,-,99,,,,-,-,2025
94825988,2,1,N,F,35,A,-,E,L,G,Y,-,3,-,-,"- ",,,H,-,0,1,B,2016,HOND,A,07,,B,,-,-,2025
94827308,1,1,Y,M,35,A,-,S,P,W,Y,-,3,-,-,"- ",,,N,-,0,1,S,2023,BMW,C,02,,H,,-,-,2025
94827308,2,1,N,M,66,A,-,S,M,G,Y,-,3,-,-,"- ",,,N,-,0,0,J,2018,TOYT,A,01,,A,,-,-,2025
94827315,1,1,Y,M,61,A,-,E,M,G,Y,-,3,-,-,"- ",,,N,-,0,0,B,2005,HOND,A,08,,A,,-,-,2025
94827315,2,1,N,F,42,A,-,E,M,G,Y,-,3,-,-,"- ",,,N,-,0,1,B,2004,TOYT,A,01,,A,,-,-,2025
94830702,1,1,Y,F,17,A,-,W,L,G,Y,-,3,-,-,"- ",,,N,-,0,1,B,2011,HOND,A,01,,W,,-,-,2025
94830702,2,1,N,F,59,A,-,W,M,G,Y,-,3,-,-,"- ",,,N,-,0,0,A,2022,TESL,A,07,,W,,-,-,2025
94837522,1,1,Y,-,998,D,-,S,B,B,Y,-,4,-,-,"- ",,,N,-,0,0,J,,-,-,99,,,,-,-,2025
94837522,2,1,N,M,20,A,-,S,M,G,Y,-,3,-,-,"- ",,,N,-,0,1,B,2006,HOND,A,01,,H,,-,-,2025
94772588,1,1,N,M,998,A,-,E,M,G,Y,-,3,-,-,"- ",,,N,-,0,0,B,2007,TOYT,A,01,,H,,-,-,2025
94772588,2,1,N,M,31,A,-,E,M,G,Y,-,3,-,-,"- ",,,N,-,0,1,B,2020,HOND,A,01,,A,,-,-,2025
94838616,1,1,Y,F,44,A,-,E,L,G,Y,-,3,-,-,"- ",,,N,-,0,0,B,2007,HOND,A,01,,A,,-,-,2025
94838616,2,1,N,F,21,A,-,E,L,G,Y,-,3,-,-,"- ",,,N,-,0,2,H,2008,MAZD,A,01,,H,,-,-,2025
94838616,3,1,N,M,29,A,-,E,M,G,Y,-,3,-,-,"- ",,,N,-,0,0,A,2012,HOND,A,01,,W,,-,-,2025
94838616,4,1,N,F,34,A,-,E,L,G,Y,-,3,-,-,"- ",,,N,-,0,1,A,2025,SUBA,A,07,,W,,-,-,2025
94838616,5,1,N,M,58,A,-,E,M,G,Y,-,3,-,-,"- ",,,N,-,0,0,H,2022,PTRB,G,25,31,B,,-,-,2025
94838616,6,1,N,M,79,A,-,E,M,G,Y,-,3,-,-,"- ",,,N,-,0,0,H,2017,TOYT,A,01,,W,,-,-,2025
94838618,1,1,Y,M,24,A,-,W,M,G,Y,-,3,-,-,"- ",,,N,-,0,0,B,2014,HOND,A,01,,H,,-,-,2025
94838618,2,1,N,F,48,A,-,W,M,G,Y,-,3,-,-,"- ",,,N,-,0,1,H,2014,SUBA,A,07,,A,,-,-,2025
94773876,1,1,Y,M,998,A,-,W,M,G,Y,-,3,-,-,"- ",,,N,-,0,0,J,2022,"HONDA ",A,07,,H,,-,-,2025
94773876,2,1,N,M,44,A,-,W,P,W,Y,-,3,-,-,"- ",,,N,-,0,1,B,2008,HOND,C,02,,B,,-,-,2025
94774097,1,1,Y,M,37,A,-,S,P,W,N,-,3,-,-,"- ",,,N,-,0,1,D,2007,PIAGGIO,C,02,,B,,-,-,2025
94731192,1,1,Y,M,26,A,-,N,L,G,Y,-,3,-,-,"- ",,,N,-,0,1,R,2014,VOLK,A,01,,W,,-,-,2025
94733346,1,1,Y,-,998,G,G,W,B,B,N,-,4,-,-,"- ",,,N,-,0,0,J,,-,-,99,,,,-,-,2025
94733346,2,1,N,F,18,A,-,W,M,G,Y,-,3,-,-,"- ",,,N,-,0,1,B,2021,TOYT,A,01,,H,,-,-,2025
94736454,1,1,Y,M,62,A,-,W,L,G,N,-,3,-,-,"- ",,,N,-,0,1,B,2006,TOYT,A,01,,O,,-,-,2025
94857045,1,1,Y,M,49,A,-,S,M,G,Y,-,3,-,-,"- ",,,N,-,0,0,B,2011,CHEV,D,22,,H,,-,-,2025
94857045,2,1,N,M,37,A,-,S,L,G,Y,-,3,-,-,"- ",,,N,-,0,1,A,2016,TOYT,A,01,,O,,-,-,2025
94739942,1,1,Y,M,37,A,I,N,M,G,Y,-,3,-,-,"- ",,,N,-,0,0,R,2024,DODG,E,22,35,H,,-,-,2025
94739942,2,1,N,F,42,A,-,N,L,G,Y,-,3,-,-,"- ",,,N,-,0,1,O,2017,VOLK,A,07,,O,,-,-,2025
94744978,1,1,Y,M,34,A,-,S,L,G,Y,-,3,-,-,"- ",,,N,-,0,0,B,2006,HOND,A,07,,H,,-,-,2025
94744978,2,1,N,M,28,A,-,S,M,G,Y,-,3,-,-,"- ",,,N,-,0,1,B,2005,HOND,A,01,,O,,-,-,2025
94744978,3,1,N,F,34,A,-,S,M,G,Y,-,3,-,-,"- ",,,N,-,0,0,B,2018,MAZD,A,01,,O,,-,-,2025
94749784,1,1,Y,M,48,A,-,E,M,G,Y,-,3,-,-,"- ",,,N,-,0,1,B,2014,FORD,J,48,98,W,,-,-,2025
94749784,2,1,N,M,17,G,G,W,L,H,N,-,4,-,,25,22350,,A,-,0,1,B,2019,TOYT,A,01,,B,,-,-,2025
94808402,1,1,N,M,51,A,-,N,L,G,Y,-,3,-,-,"- ",,,N,-,0,1,B,2019,TOYT,A,01,,A,,-,-,2025
94808402,2,5,N,M,28,A,-,N,-,-,O,-,3,-,-,"- ",,,I,-,0,0,A,2024,SUBA,A,01,,A,,-,-,2025
94870386,1,1,Y,M,63,A,-,E,L,G,Y,-,3,-,-,"- ",,,N,-,0,1,B,2000,LEXS,A,01,,B,,-,-,2025
94870386,2,1,N,F,62,A,-,E,M,G,Y,-,3,-,-,"- ",,,N,-,0,0,H,2016,FORD,A,01,,B,,-,-,2025
94870386,3,1,N,M,42,A,-,E,M,G,Y,-,3,-,-,"- ",,,N,-,0,0,H,2018,NISS,A,07,,H,,-,-,2025
94810933,1,1,Y,F,23,A,-,N,M,G,Y,-,3,-,-,"- ",,,N,-,0,0,R,2019,DODG,A,01,,B,,-,-,2025
94810933,2,1,N,M,31,A,-,N,M,G,N,-,3,-,-,"- ",,,N,-,0,0,B,2017,HYUN,A,01,,H,,-,-,2025
94810933,3,1,N,F,32,A,-,N,L,G,Y,-,3,-,-,"- ",,,N,-,0,1,B,2016,HOND,A,01,,W,,-,-,2025
94810933,4,1,N,F,36,A,-,N,M,G,Y,-,3,-,-,"- ",,,N,-,0,0,B,2024,SUBA,A,07,,A,,-,-,2025
94813153,1,1,Y,M,44,A,-,W,L,G,Y,-,3,-,-,"- ",,,F,-,0,0,B,2014,TOYT,D,22,,W,H,-,-,2025
94813153,2,1,N,M,61,A,-,W,M,G,Y,-,3,-,-,"- ",,,N,-,0,1,B,2019,FORD,A,07,,W,,-,-,2025
94813153,3,1,N,M,23,A,-,W,M,G,Y,-,3,-,-,"- ",,,N,-,0,0,A,2023,JEEP,A,07,,O,,-,-,2025
94818493,1,1,Y,-,998,G,G,N,B,B,Y,-,4,-,,25,22350,,A,-,0,0,J,,-,-,99,,,,-,-,2025
94818493,2,1,N,F,33,A,-,N,M,G,Y,-,3,-,-,"- ",,,N,-,0,1,H,2007,INFI,A,07,,B,,-,-,2025
94819043,1,1,Y,F,46,A,-,E,M,G,Y,-,3,-,-,"- ",,,N,-,0,1,J,2021,BUIC,A,07,,B,,-,-,2025
94819043,2,1,N,-,998,G,G,E,B,B,N,-,4,-,-,"- ",,,N,-,0,0,D,,-,-,99,,,,-,-,2025
94819043,3,1,N,M,38,A,-,E,M,G,Y,-,3,-,-,"- ",,,N,-,0,0,B,2021,TESL,A,01,,W,,-,-,2025
94819047,1,1,Y,M,73,A,-,N,L,G,Y,-,3,-,-,"- ",,,N,-,0,0,H,2002,TOYT,A,08,,W,,-,-,2025
94819047,2,1,N,M,66,A,-,N,M,G,Y,-,3,-,-,"- ",,,N,-,0,1,H,2023,FORD,A,07,,H,,-,-,2025
9514262,1,1,Y,-,998,G,G,-,-,-,,-,-,-,,25,22350,,A,-,0,0,B,,-,A,01,,,,-,-,2023
9514262,2,1,N,M,36,A,-,N,L,G,,-,3,-,-,"- ",,,N,-,0,1,A,2013,-,A,01,,W,,-,-,2023
9514262,3,1,N,M,57,A,-,N,M,G,,-,3,-,-,"- ",,,N,-,0,5,A,2014,-,A,01,,B,,-,-,2023
9514270,1,4,Y,M,54,A,-,N,-,-,N,-,3,-,-,"- ",,,F,-,0,1,E,,-,L,04,,B,-,-,-,2023
9514270,2,1,N,F,51,A,-,N,M,C,Y,-,3,-,-,"- ",,,N,-,0,0,B,2023,-,A,01,,H,,-,-,2023
94819893,1,1,Y,F,68,A,-,W,M,G,Y,-,3,-,-,"- ",,,N,-,0,1,J,2022,CADI,A,07,,B,,-,-,2025
94819893,2,1,N,M,67,B,-,W,L,G,Y,-,3,-,-,"- ",,,N,-,0,0,B,2015,"HONDA ",A,07,,B,,-,-,2025
94819893,3,1,N,-,998,G,G,W,B,B,N,-,3,-,-,"- ",,,N,-,0,0,J,,-,-,99,,,,-,-,2025
9514430,1,1,Y,F,20,G,G,N,M,B,,-,-,-,-,"- ",,,A,-,0,0,B,2003,-,A,01,,H,,-,-,2023
9514430,2,1,N,M,69,A,-,W,L,G,Y,-,-,-,-,"- ",,,N,-,0,1,B,2014,-,A,01,,H,,-,-,2023
9514735,1,1,N,F,45,A,-,N,L,G,Y,-,-,-,-,"- ",,,N,-,0,1,B,2022,-,A,01,,B,,-,-,2023
9514735,2,1,N,F,37,A,-,W,L,G,Y,-,-,-,-,"- ",,,N,-,0,1,B,2017,-,A,07,,B,,-,-,2023
9514842,1,1,N,M,31,A,-,N,L,G,Y,-,-,-,-,"- ",,,N,-,0,1,B,2018,FORD,J,48,,,,-,-,2023
9514842,2,1,Y,F,35,A,-,W,M,G,Y,-,-,-,,33,21806,A,A,-,0,1,B,2003,-,A,01,,H,,-,-,2023
94838029,1,1,Y,M,77,A,-,E,M,G,Y,-,3,-,-,"- ",,,N,-,0,0,H,2011,VOLV,A,01,,W,,-,-,2025
94838029,2,1,N,M,33,A,-,E,M,G,Y,-,3,-,-,"- ",,,N,-,0,1,H,2023,JEEP,D,22,,A,,-,-,2025
9519275,1,1,Y,-,998,G,G,N,L,B,,-,3,-,-,"- ",,,N,-,0,0,E,2015,-,A,01,,,,-,-,2023
9519275,2,3,N,-,998,H,H,N,-,-,O,-,-,-,-,"- ",,,O,-,0,1,O,2021,-,A,01,,,,-,-,2023
9519275,3,3,N,-,998,H,H,N,-,-,O,-,-,-,-,"- ",,,N,-,0,0,O,2019,-,A,01,,,,-,-,2023
9519279,1,4,Y,M,17,A,-,N,-,-,,-,-,-,-,"- ",,,N,-,0,1,B,,-,L,04,,H,,-,-,2023
9519279,2,1,N,M,29,A,-,W,M,G,Y,-,-,-,-,"- ",,,N,-,0,0,B,2013,-,A,01,,A,,-,-,2023
94778071,1,1,N,F,60,A,-,E,M,G,N,-,3,-,-,"- ",,,N,-,0,1,B,2020,VOLK,A,07,,H,,-,-,2025
94778071,2,1,N,M,44,A,-,E,M,G,Y,-,3,-,-,"- ",,,N,-,0,1,B,2022,MERZ,A,08,,W,,-,-,2025
9546912,1,1,Y,M,21,A,-,E,M,G,Y,-,3,-,-,"- ",,,N,-,0,0,F,2007,-,A,01,,W,,-,-,2023
9546912,2,5,N,-,998,A,-,S,-,-,O,-,3,-,-,"- ",,,N,-,0,1,B,,-,M,94,,,,-,-,2023
9546922,1,4,Y,F,19,G,G,W,-,-,,-,3,-,,44,21200,,A,-,0,1,B,,-,L,04,,B,,-,-,2023
9546923,1,1,Y,F,52,H,H,N,M,C,Y,-,3,-,-,"- ",,,N,-,0,0,D,2015,-,A,01,,W,,-,-,2023
9546923,2,1,N,M,50,H,H,N,M,C,Y,-,3,-,-,"- ",,,N,-,0,1,D,2006,-,A,01,,H,,-,-,2023
9546924,1,1,Y,F,41,A,-,S,M,P,Y,-,3,-,-,"- ",,,-,-,0,0,O,2019,-,A,01,,W,,-,-,2023
9546924,2,4,N,M,20,A,-,S,-,-,,-,3,-,-,"- ",,,-,-,0,1,B,,-,L,04,,W,,-,-,2023
9546929,1,5,Y,-,998,A,-,N,-,-,O,-,3,-,-,"- ",,,N,-,0,0,O,2004,-,A,01,,,,-,-,2023
9546929,2,4,N,M,57,A,-,N,-,-,,-,3,-,-,"- ",,,N,-,0,1,B,,-,L,04,,O,,-,-,2023
9546932,1,1,Y,M,61,A,-,N,M,G,Y,-,3,-,-,"- ",,,E,-,0,0,E,2013,FORD,A,08,,W,,-,-,2023
9546932,2,2,N,F,26,A,-,W,-,-,O,-,3,-,-,"- ",,,F,-,0,1,R,,-,N,60,,B,-,-,-,2023
9546933,1,1,Y,F,79,A,-,S,L,G,,-,3,-,,25,22350,,A,-,0,1,B,2006,-,A,07,,W,,-,-,2023
9546934,1,1,Y,-,72,A,-,N,M,Q,Y,-,3,-,,24,22450,A,A,-,0,1,B,2005,-,A,01,,A,,-,-,2023
9546934,2,1,N,M,29,A,-,E,M,Q,Y,-,3,-,-,"- ",,,N,-,0,0,B,2017,-,A,01,,A,,-,-,2023
94788126,1,1,Y,F,36,A,-,W,M,G,Y,-,3,-,-,"- ",,,N,-,0,1,J,2007,HOND,A,01,,B,,-,-,2025
94788126,2,1,N,M,44,A,-,W,M,G,Y,-,3,-,-,"- ",,,N,-,0,0,J,2023,TESL,A,01,,W,,-,-,2025
9549376,1,1,Y,F,49,A,-,N,M,G,N,-,-,-,-,"- ",,,N,-,0,0,B,1997,-,A,01,,W,,-,-,2023
9549376,2,1,N,M,25,A,-,N,M,G,Y,-,-,-,-,"- ",,,N,-,0,1,B,2019,-,A,01,,H,,-,-,2023
9549380,1,1,Y,F,50,A,-,S,L,G,Y,-,3,-,-,"- ",,,N,-,0,1,B,2018,-,A,01,,O,,-,-,2023
94788155,1,1,Y,M,62,A,-,W,L,G,Y,-,3,-,-,"- ",,,N,-,0,1,B,2017,NISS,A,01,,B,,-,-,2025
94788155,2,1,N,F,46,A,-,W,M,G,Y,-,3,-,-,"- ",,,N,-,0,0,A,2018,AUDI,A,07,,W,,-,-,2025
94788330,1,1,Y,-,998,D,-,W,B,B,N,-,3,-,-,"- ",,,N,-,0,0,B,,-,-,99,,,,-,-,2025
94788330,2,1,N,M,19,A,-,W,M,G,Y,-,3,-,-,"- ",,,N,-,0,1,B,2024," POLESTAR ",A,01,,A,,-,-,2025
9553876,1,4,Y,M,33,A,-,W,-,-,,-,-,-,-,"- ",,,A,-,0,1,B,,-,L,04,,B,,-,-,2023
9553876,2,1,N,M,46,A,-,W,M,G,Y,-,-,-,-,"- ",,,N,-,0,0,B,2016,JEEP,A,01,,B,,-,-,2023
9553915,1,1,Y,-,998,G,G,S,L,-,Y,-,-,-,-,"- ",,,N,-,0,0,B,,-,A,01,,,,-,-,2023
9553915,2,1,N,M,50,A,-,W,L,G,N,-,-,-,-,"- ",,,N,-,0,1,M,2002,-,A,01,,B,,-,-,2023
94790659,1,1,Y,M,30,A,-,W,L,G,Y,-,3,-,-,"- ",,,N,-,0,0,B,2015,HOND,A,07,,H,,-,-,2025
94790659,2,1,N,M,32,A,-,W,M,G,Y,-,3,-,-,"- ",,,N,-,0,1,H,2003,CHEV,D,22,,H,,-,-,2025
94800013,1,1,Y,M,66,A,-,N,M,G,Y,-,3,-,-,"- ",,,N,-,0,0,B,2007,CHEV,D,22,,A,,-,-,2025
94800013,2,1,N,M,19,A,-,N,M,G,Y,-,3,-,-,"- ",,,N,-,0,1,A,2022,KIA,A,07,,H,,-,-,2025
94800013,3,1,N,M,58,A,-,N,M,G,Y,-,3,-,-,"- ",,,N,-,0,0,A,2017,FORD,A,01,,O,,-,-,2025
9554024,1,1,Y,M,33,A,-,E,L,G,N,-,-,-,-,"- ",,,N,-,0,1,E,1999,-,A,01,,B,,-,-,2023
9554024,2,1,N,M,17,A,-,W,M,G,Y,-,-,-,-,"- ",,,N,-,0,0,B,2016,-,A,01,,O,,-,-,2023
9554050,1,1,Y,M,53,A,-,S,L,G,N,-,-,-,-,"- ",,,N,-,0,1,B,2005,-,A,07,,H,,-,-,2023
9554050,2,1,N,M,57,A,-,E,P,C,N,-,-,-,-,"- ",,,N,-,0,0,B,,-,-,,,W,,-,-,2023
9554164,1,1,Y,M,26,A,-,E,L,G,N,-,-,-,-,"- ",,,N,-,0,0,D,2022,-,A,01,,H,,-,-,2023
9554164,2,1,N,F,24,A,-,S,M,G,Y,-,-,-,-,"- ",,,N,-,0,1,B,2011,-,A,01,,B,,-,-,2023
9554168,1,1,Y,M,25,A,-,N,M,E,N,-,-,-,-,"- ",,,N,-,0,1,B,2004,-,A,01,,B,,-,-,2023
9554168,2,1,N,M,46,A,-,N,M,G,Y,-,-,-,-,"- ",,,N,-,0,0,A,2011,-,A,01,,W,,-,-,2023
9554168,3,1,N,M,27,A,-,N,M,G,Y,-,-,-,-,"- ",,,N,-,0,0,A,2023,-,A,01,,B,,-,-,2023
9554168,4,1,N,F,39,A,-,S,M,G,Y,-,-,-,-,"- ",,,N,-,0,0,B,2001,-,A,01,,W,,-,-,2023
9554181,1,1,Y,F,27,A,-,S,M,G,Y,-,3,-,-,"- ",,,F,G,0,1,B,2008,-,A,01,,,K,-,-,2023
9554181,2,1,N,M,29,A,-,S,M,G,Y,-,3,-,-,"- ",,,N,-,0,1,A,2016,-,A,01,,H,,-,-,2023
9554181,3,1,N,M,58,G,G,S,B,-,Y,-,-,-,-,"- ",,,N,-,0,0,A,2003,-,A,01,,,,-,-,2023
9554183,1,1,Y,F,45,A,-,W,L,G,Y,-,-,-,-,"- ",,,N,-,0,0,B,2010,-,A,01,,W,,-,-,2023
9554183,2,1,N,F,53,A,-,S,L,G,N,-,-,-,-,"- ",,,N,-,0,1,B,2014,-,A,01,,W,,-,-,2023
9554185,1,1,Y,-,998,G,G,W,B,-,,-,-,-,-,"- ",,,N,-,0,0,E,,-,A,01,,,,-,-,2023
9554185,2,1,N,F,36,A,-,E,M,G,Y,-,-,-,-,"- ",,,N,-,0,2,A,2003,-,A,01,,B,,-,-,2023
9554185,3,1,N,F,51,A,-,E,M,G,Y,-,-,-,-,"- ",,,-,-,0,1,A,2015,-,A,01,,A,,-,-,2023
9554189,1,1,Y,M,37,A,-,S,L,G,Y,-,-,-,-,"- ",,,N,-,0,0,B,2018,-,A,01,,B,,-,-,2023
9554189,2,1,N,M,69,A,-,W,M,G,Y,-,-,-,-,"- ",,,N,-,0,1,B,1999,-,A,08,,B,,-,-,2023
9554211,1,1,Y,-,998,G,G,N,-,-,N,-,-,-,-,"- ",,,N,-,0,1,B,2020,-,A,07,,H,,-,-,2023
9554211,2,1,N,M,44,A,-,W,L,G,Y,-,-,-,-,"- ",,,N,-,0,2,B,2014,-,A,01,,H,,-,-,2023
9554211,3,1,N,F,29,A,-,S,L,G,N,-,-,-,-,"- ",,,N,-,0,1,A,2011,-,A,01,,H,,-,-,2023
9554214,1,1,Y,-,998,G,G,S,-,-,,-,-,-,-,"- ",,,-,-,0,0,B,,-,-,99,,,,-,-,2023
9554214,2,1,N,F,57,A,-,W,L,G,Y,-,-,-,-,"- ",,,-,-,0,1,B,2012,-,A,01,,B,,-,-,2023
9554970,1,1,Y,F,34,A,-,N,M,C,Y,-,3,-,-,"- ",,,-,-,0,0,B,2022,-,A,01,,B,,-,-,2023
9554970,2,1,N,F,63,A,-,W,M,C,,-,3,-,-,"- ",,,-,-,0,1,B,2015,-,A,07,,W,,-,-,2023
9557908,1,1,Y,M,26,A,-,W,M,G,Y,-,-,-,-,"- ",,,N,-,0,0,D,1996,-,D,22,,H,,-,-,2023
9557908,2,1,N,F,37,A,-,N,M,G,,-,-,-,-,"- ",,,N,-,0,1,B,2018,-,A,01,,B,,-,-,2023
94800026,1,1,Y,-,998,G,G,N,B,B,Y,-,4,-,-,"- ",,,N,-,0,0,J,,-,-,99,,,,-,-,2025
94800026,2,1,N,F,20,A,-,N,M,G,N,-,3,-,-,"- ",,,N,-,0,1,B,2007,TOYT,A,01,,H,,-,-,2025
9558900,1,1,Y,F,22,A,-,E,L,H,Y,-,-,-,-,"- ",,,N,-,0,0,B,2018,-,A,01,,O,,-,-,2023
9558900,2,1,N,F,44,A,-,S,L,G,,-,-,-,-,"- ",,,N,-,0,1,B,2014,-,A,01,,B,,-,-,2023
9558950,1,1,Y,M,998,G,G,W,M,B,,-,-,-,-,"- ",,,N,-,0,0,B,1995,-,A,01,,B,,-,-,2023
9558950,2,1,N,F,49,A,-,E,L,B,N,-,-,-,-,"- ",,,N,-,0,1,B,2003,-,A,01,,B,,-,-,2023
9560762,1,1,Y,M,998,G,G,N,-,-,,-,-,-,-,"- ",,,N,-,0,0,M,2005,-,D,22,,W,,-,-,2023
9560762,2,1,N,M,71,A,-,S,L,G,Y,-,-,-,-,"- ",,,N,-,0,1,B,2020,-,A,01,,O,,-,-,2023
94801476,1,1,Y,M,20,A,-,S,M,G,Y,-,3,-,-,"- ",,,N,-,0,2,J,2022,MERZ,A,01,,H,,-,-,2025
94801476,2,1,N,F,22,A,-,S,L,G,Y,-,3,-,-,"- ",,,N,-,0,0,B,2023,TOYT,A,01,,A,,-,-,2025
94801476,3,1,N,-,998,G,G,S,B,B,N,-,4,-,-,"- ",,,N,-,0,0,B,,-,-,99,,,,-,-,2025
94875218,1,1,Y,M,76,A,-,E,M,G,Y,-,3,-,-,"- ",,,N,-,0,1,B,2000,TOYT,A,07,,W,,-,-,2025
94875218,2,1,N,M,51,A,-,E,M,G,Y,-,3,-,-,"- ",,,N,-,0,0,A,2022,TESL,A,01,,B,,-,-,2025
9560918,1,1,Y,F,32,A,-,N,L,G,Y,-,-,-,-,"- ",,,N,-,0,0,B,2017,AUDI,A,07,,W,,-,-,2023
9560918,2,1,N,M,64,A,-,E,L,G,Y,-,-,-,-,"- ",,,N,-,0,1,B,2007,-,A,01,,,,-,-,2023
9560918,3,3,N,-,998,H,H,E,-,-,O,-,-,-,-,"- ",,,N,-,0,0,O,2017,-,A,08,,,,-,-,2023
9560919,1,1,Y,M,31,A,-,E,L,-,Y,-,-,-,-,"- ",,,N,-,0,1,B,2019,AUDI,A,01,,H,,-,-,2023
9560919,2,1,N,F,30,A,-,E,M,G,,-,3,-,-,"- ",,,N,-,0,0,J,2017,-,A,01,,B,,-,-,2023
9561187,1,1,Y,M,58,A,-,E,M,G,Y,-,3,-,-,"- ",,,N,-,0,0,E,2004,-,A,01,,B,,-,-,2023
9561187,2,2,N,F,53,A,-,N,-,-,O,-,-,-,-,"- ",,,N,-,0,1,R,,-,N,60,,H,,-,-,2023
9561713,1,1,Y,M,21,A,-,W,L,C,Y,-,3,-,,31,22107,,A,-,0,1,D,2017,-,A,01,,H,,-,-,2023
9561716,1,1,Y,M,18,A,-,W,L,G,Y,-,3,-,-,"- ",,,-,-,0,1,B,2008,-,A,01,,B,,-,-,2023
9561716,2,1,N,M,26,A,-,S,M,G,Y,-,3,-,-,"- ",,,N,-,0,2,B,2006,-,-,,,W,,-,-,2023
9562201,1,1,Y,F,25,A,-,E,L,G,Y,-,-,-,-,"- ",,,N,-,0,1,B,2009,-,A,01,,,,-,-,2023
9562201,2,1,N,M,60,A,-,S,L,G,Y,-,3,-,-,"- ",,,N,-,0,0,B,2020,-,A,07,,B,,-,-,2023
9562202,1,1,Y,F,35,A,-,W,M,G,,-,-,-,-,"- ",,,N,-,0,0,G,2009,-,A,01,,W,,-,-,2023
9562202,2,2,N,F,13,A,-,N,-,-,O,-,-,-,-,"- ",,,N,-,0,1,-,,-,N,60,,H,,-,-,2023
9562206,1,1,Y,M,29,A,-,S,M,G,N,-,3,-,-,"- ",,,N,-,0,2,M,1997,-,A,01,,B,,-,-,2023
9562206,2,1,N,M,51,A,-,N,L,G,Y,-,3,-,-,"- ",,,N,-,0,1,B,2022,-,A,07,,,,-,-,2023
9562213,1,1,Y,-,998,G,G,N,-,-,,-,-,-,-,"- ",,,A,-,0,0,B,,-,A,01,,,,-,-,2023
9562213,2,1,N,F,54,A,-,E,L,G,Y,-,-,-,-,"- ",,,N,-,0,1,B,2019,-,A,01,,H,,-,-,2023
9562329,1,1,Y,F,998,G,G,E,L,B,,-,-,-,-,"- ",,,N,-,0,0,B,2018,-,A,01,,B,,-,-,2023