CASE_ID,PARTY_NUMBER,PARTY_TYPE,AT_FAULT,PARTY_SEX,PARTY_AGE,PARTY_SOBRIETY,PARTY_DRUG_PHYSICAL,DIR_OF_TRAVEL,PARTY_SAFETY_EQUIP_1,PARTY_SAFETY_EQUIP_2,FINAN_RESPONS,SP_INFO_1,SP_INFO_2,SP_INFO_3,OAF_VIOLATION_CODE,OAF_VIOL_CAT,OAF_VIOL_SECTION,OAF_VIOLATION_SUFFIX,OAF_1,OAF_2,PARTY_NUMBER_KILLED,PARTY_NUMBER_INJURED,MOVE_PRE_ACC,VEHICLE_YEAR,VEHICLE_MAKE,STWD_VEHICLE_TYPE,CHP_VEH_TYPE_TOWING,CHP_VEH_TYPE_TOWED,RACE,INATTENTION,SPECIAL_INFO_F,SPECIAL_INFO_G,ACCIDENT_YEAR
9667431,3,1,N,M,85,A,-,E,L,G,Y,-,-,-,-,"- ",,,N,-,0,1,B,2006,-,A,01,,W,,-,-,2023
9667485,1,1,Y,-,998,G,G,S,-,-,,-,-,-,-,"- ",,,N,-,0,0,B,,-,A,01,,,,-,-,2023
9667485,2,1,N,M,34,A,-,S,M,G,N,-,-,-,-,"- ",,,N,-,0,1,A,2010,FORD,A,01,,H,,-,-,2023
9667487,1,1,Y,M,21,A,-,W,M,G,,-,-,-,-,"- ",,,N,-,0,0,B,2009,-,A,01,,H,,-,-,2023
9667487,2,1,N,F,25,A,-,W,M,G,Y,-,-,-,-,"- ",,,N,-,0,1,A,2021,JEEP,A,07,,H,,-,-,2023
9667516,1,1,Y,M,19,A,-,W,M,G,Y,-,3,-,-,"- ",,,N,-,0,0,E,2005,-,A,01,,H,,-,-,2024
9667516,2,1,N,M,41,A,-,E,M,E,Y,-,-,-,-,"- ",,,N,-,0,1,B,2003,-,A,01,,H,,-,-,2024
9668112,1,1,Y,F,998,G,G,-,B,-,N,-,-,-,-,"- ",,,N,-,0,0,B,2007,JEEP,A,01,,,,-,-,2024
9668112,2,1,N,F,41,A,-,N,M,G,Y,-,-,-,-,"- ",,,N,-,0,1,A,2023,-,A,01,,H,,-,-,2024
9668113,1,1,Y,-,998,G,G,-,B,-,N,-,-,-,-,"- ",,,N,-,0,0,B,,-,A,01,,,,-,-,2024
9668113,2,1,N,M,68,A,-,W,M,G,Y,-,3,-,-,"- ",,,N,-,0,1,A,2011,-,A,01,,B,,-,-,2024
9668114,1,1,Y,M,62,A,-,S,M,F,Y,-,-,-,-,"- ",,,N,-,0,0,E,2019,FORD,A,01,,H,,-,-,2024
9668114,2,2,N,M,34,A,-,S,-,-,O,-,-,-,-,"- ",,,N,-,0,1,-,,-,N,60,,O,,-,-,2024
9668118,1,1,Y,M,31,A,-,W,M,C,N,-,-,-,-,"- ",,,N,-,0,0,B,2014,-,A,01,,W,,-,-,2024
9668118,2,1,N,F,66,A,-,N,L,C,,-,-,-,-,"- ",,,N,-,0,1,B,2006,-,A,01,,B,,-,-,2024
9668119,1,1,Y,F,35,A,-,E,M,G,,-,-,-,-,"- ",,,N,-,0,1,B,2012,-,A,01,,H,,-,-,2024
9668119,2,3,N,-,998,H,H,E,-,-,O,-,-,-,-,"- ",,,N,-,0,0,O,2009,-,A,07,,,,-,-,2024
9668332,1,1,Y,F,78,A,-,E,L,G,Y,-,3,-,-,"- ",,,E,-,0,1,B,2019,-,A,01,,W,,-,-,2024
9668361,1,1,Y,M,21,A,-,E,M,G,,-,-,-,-,"- ",,,N,-,0,0,B,2009,-,A,01,,H,,-,-,2024
9668361,2,3,N,-,998,H,H,E,-,-,O,-,-,-,-,"- ",,,N,-,0,0,O,2023,-,A,07,,,,-,-,2024
9668361,3,2,N,M,41,H,H,E,-,-,O,-,-,-,-,"- ",,,N,-,0,1,R,,-,N,60,,O,,-,-,2024
9668361,4,3,N,-,998,H,H,E,-,-,O,-,-,-,-,"- ",,,N,-,0,0,O,2007,-,A,07,,,,-,-,2024
9670289,1,3,Y,-,998,H,H,S,-,-,O,-,-,-,-,"- ",,,M,-,0,0,O,1976,-,-,,,,,-,-,2024
9670289,2,1,N,F,47,A,-,N,M,G,Y,-,-,-,-,"- ",,,N,-,0,3,D,2012,-,A,01,,B,,-,-,2024
9670293,1,1,Y,M,41,A,-,N,L,G,Y,-,3,-,-,"- ",,,N,-,0,1,C,2020,-,A,01,,H,,-,-,2024
9670294,1,1,Y,F,40,A,-,S,M,G,Y,-,-,-,-,"- ",,,N,-,0,0,B,2022,-,A,01,,H,,-,-,2024
9670294,2,2,N,M,8,A,-,W,-,-,O,-,-,-,-,"- ",,,N,-,0,1,R,,-,N,60,,W,,-,-,2024
9670294,3,2,N,M,13,A,-,W,-,-,O,-,-,-,-,"- ",,,N,-,0,1,B,,-,N,60,,W,,-,-,2024
9670317,1,1,Y,M,38,B,-,W,L,B,,-,-,-,,23,21453,A,A,-,0,0,B,2007,-,A,01,,B,,-,-,2024
9670317,2,1,N,M,52,A,-,S,M,G,Y,-,-,-,-,"- ",,,N,-,0,1,B,2023,-,A,01,,,,-,-,2024
9670516,1,1,Y,M,27,A,-,W,M,G,Y,-,-,-,-,"- ",,,N,-,0,1,E,2015,JEEP,A,01,,H,,-,-,2024
9670516,2,1,N,M,39,A,-,E,L,G,,-,-,-,-,"- ",,,N,-,0,2,B,2017,-,A,01,,H,,-,-,2024
9670523,1,1,Y,M,88,A,-,S,M,G,Y,-,3,-,-,"- ",,,N,-,0,0,B,2023,-,A,01,,W,,-,-,2024
9670523,2,1,N,M,24,A,-,W,L,G,Y,-,3,-,-,"- ",,,N,-,0,1,B,2015,-,A,01,,O,,-,-,2024
9670555,1,1,Y,M,45,A,-,W,L,F,Y,-,-,-,-,"- ",,,N,-,0,2,B,2010,-,A,01,,H,,-,-,2024
9670555,2,1,N,M,25,A,-,S,L,G,Y,-,-,-,-,"- ",,,N,-,0,1,B,2018,-,A,01,,H,,-,-,2024
9670557,1,1,Y,M,998,G,G,E,N,B,,-,-,-,-,"- ",,,N,-,0,0,E,,-,A,01,,B,,-,-,2024
9670557,2,1,N,M,35,A,-,W,M,G,Y,-,-,-,-,"- ",,,N,-,0,1,B,2022,-,A,01,,O,,-,-,2024
9670560,1,1,Y,M,998,G,G,E,-,B,,-,-,-,-,"- ",,,N,-,0,0,B,2015,-,A,07,,,,-,-,2024
9670560,2,1,N,F,77,A,-,E,M,G,Y,-,3,-,-,"- ",,,N,-,0,2,A,2019,-,A,01,,B,,-,-,2024
9672048,1,1,Y,M,55,A,-,E,M,G,Y,-,-,-,-,"- ",,,N,-,0,1,B,2015,-,F,25,,B,,-,-,2023
9672048,2,3,N,-,998,-,-,-,-,-,O,-,-,-,-,"- ",,,-,-,0,0,-,2016,-,F,25,,,,-,-,2023
9672181,1,1,Y,F,29,-,I,S,L,G,N,-,-,-,-,"- ",,,N,-,0,1,B,2005,-,A,01,,B,,-,-,2023
9672181,2,3,N,-,998,H,H,S,-,-,O,-,-,-,-,"- ",,,N,-,0,0,O,2017,-,A,01,,,,-,-,2023
9672221,1,1,Y,F,26,A,-,S,M,G,Y,-,3,-,-,"- ",,,N,-,0,0,E,2018,-,A,01,,H,,-,-,2024
9672221,2,2,N,F,58,H,H,W,-,-,O,-,3,-,-,"- ",,,N,-,0,1,R,,-,N,60,,H,,-,-,2024
9672222,1,1,N,M,39,A,-,W,M,G,Y,-,3,-,-,"- ",,,N,-,0,1,B,2023,-,A,01,,,,-,-,2024
9672222,2,1,N,M,42,A,-,S,L,G,Y,-,3,-,-,"- ",,,N,-,0,0,B,2014,-,A,01,,H,,-,-,2024
9672339,1,1,Y,F,77,A,-,W,M,G,Y,-,3,-,-,"- ",,,N,-,0,1,B,2011,-,A,01,,B,,-,-,2024
9672339,2,1,N,F,39,A,-,W,M,C,Y,-,3,-,-,"- ",,,N,-,0,0,A,2009,-,A,07,,,,-,-,2024
9672359,1,1,Y,M,998,G,G,N,N,B,,-,3,-,-,"- ",,,N,-,0,0,B,,-,A,01,,B,,-,-,2024
9672359,2,4,N,M,50,A,-,N,-,-,,-,3,-,-,"- ",,,N,-,0,1,B,,-,L,04,,H,,-,-,2024
9672958,1,1,Y,M,31,A,-,N,M,G,,-,-,-,-,"- ",,,N,-,0,0,G,2015,-,-,,,A,,-,-,2023
9672958,2,1,N,M,70,A,-,W,L,G,,-,-,-,-,"- ",,,N,-,0,1,E,2015,FORD,-,,,A,,-,-,2023
9674616,1,1,Y,F,998,G,G,W,B,-,,-,1,-,-,"- ",,,N,-,0,0,E,,-,D,22,,W,,-,-,2024
9674616,2,1,N,M,31,A,-,E,M,E,,-,3,-,-,"- ",,,-,-,0,1,B,2008,-,A,01,,A,,-,-,2024
9675374,1,1,Y,F,36,A,-,E,M,B,,-,-,-,-,"- ",,,A,-,0,0,E,2015,-,A,01,,B,,-,-,2023
9675374,2,1,N,M,33,A,-,W,M,G,,-,-,-,-,"- ",,,N,-,0,2,B,2009,-,A,01,,H,,-,-,2023
9675603,1,1,Y,M,26,A,-,W,M,G,,-,-,-,-,"- ",,,N,-,0,0,E,2008,-,A,01,,H,,-,-,2023
9675603,2,2,N,F,46,-,-,S,-,-,O,-,-,-,-,"- ",,,-,-,0,1,B,,-,N,60,,W,,-,-,2023
9675613,1,1,Y,M,60,A,-,W,M,G,Y,-,-,-,-,"- ",,,N,-,0,0,E,2019,-,A,01,,B,,-,-,2023
9675613,2,4,N,M,23,A,-,S,-,-,,-,-,-,-,"- ",,,N,-,0,1,B,,-,L,04,,B,,-,-,2023
9675613,3,1,N,F,41,A,-,E,G,-,Y,-,-,-,-,"- ",,,N,-,0,0,A,2014,-,A,01,,A,,-,-,2023
9676414,1,1,Y,F,55,A,-,N,M,E,Y,-,3,-,-,"- ",,,N,-,0,0,D,2021,-,A,01,,W,,-,-,2024
9676414,2,4,N,M,42,A,-,E,-,-,,-,3,-,-,"- ",,,N,-,0,1,B,,-,M,91,,W,,-,-,2024
9676417,1,1,Y,M,52,A,-,E,M,G,Y,-,3,-,-,"- ",,,-,-,0,0,B,2013,-,A,01,,W,,-,-,2024
9676417,2,4,N,M,46,A,-,W,-,-,,-,3,-,-,"- ",,,-,-,0,1,B,,-,L,04,,B,,-,-,2024
9676420,1,1,Y,M,67,A,-,N,M,Q,Y,-,3,-,-,"- ",,,N,-,0,0,E,2017,-,A,01,,W,,-,-,2024
9676420,2,2,N,F,20,A,-,N,-,-,O,-,3,-,-,"- ",,,N,-,0,1,B,,-,N,60,,B,,-,-,2024
9676423,1,1,Y,F,43,A,-,S,M,G,Y,-,3,-,-,"- ",,,N,-,0,1,A,2016,AUDI,A,01,,W,,-,-,2024
9676423,2,1,N,M,24,A,-,E,M,G,Y,-,3,-,-,"- ",,,-,-,0,0,B,2009,-,A,01,,W,,-,-,2024
9676425,1,1,Y,M,22,A,-,S,M,G,,-,3,-,-,"- ",,,N,-,0,1,B,,-,M,94,,A,,-,-,2024
9676428,1,1,Y,M,19,A,-,E,L,G,Y,-,3,-,-,"- ",,,N,-,0,1,F,2022,-,A,01,,A,,-,-,2024
9676428,2,1,N,F,57,A,-,E,L,G,Y,-,3,-,-,"- ",,,N,-,0,1,B,2010,-,A,01,,B,,-,-,2024
9678252,1,1,Y,M,34,A,-,E,M,G,Y,-,3,-,-,"- ",,,N,-,0,0,G,2014,-,A,01,,W,,-,-,2024
9678252,2,1,N,F,58,A,-,W,M,G,Y,-,3,-,-,"- ",,,N,-,0,1,A,2013,-,A,01,,B,,-,-,2024
9678256,1,1,Y,M,998,G,G,S,L,H,,-,-,-,-,"- ",,,N,-,0,0,B,2014,-,A,01,,,,-,-,2024
9678256,2,1,N,M,44,A,-,S,L,G,,-,-,-,-,"- ",,,N,-,0,1,B,2013,-,A,01,,B,,-,-,2024
9678274,1,1,Y,-,998,G,G,N,-,-,,-,-,-,-,"- ",,,A,-,0,0,B,,-,A,01,,,,-,-,2024
9678274,2,1,N,M,40,A,-,N,P,W,,-,-,-,-,"- ",,,N,-,0,1,B,2022,-,C,02,,B,,-,-,2024
9678277,1,1,N,F,43,G,G,E,M,B,Y,-,-,-,-,"- ",,,N,-,0,0,D,2015,-,A,01,,W,,-,-,2024
9678277,2,2,N,M,25,A,-,E,-,-,O,-,-,-,-,"- ",,,N,-,0,1,B,,-,N,60,,O,,-,-,2024
9678291,1,1,N,M,43,A,-,N,L,H,Y,-,-,-,-,"- ",,,N,-,0,0,B,2024,-,A,07,,A,,-,-,2023
9678291,2,1,N,M,31,A,-,E,L,H,N,-,-,-,-,"- ",,,N,-,0,1,B,2019,-,A,01,,B,,-,-,2023
9678422,1,1,Y,M,79,A,-,E,M,G,Y,-,-,-,-,"- ",,,N,-,0,0,B,2006,-,A,01,,B,,-,-,2024
9678422,2,2,N,M,38,A,-,W,-,-,O,-,3,-,-,"- ",,,N,-,0,1,R,,-,N,60,,W,,-,-,2024
9678598,1,1,Y,M,998,G,G,N,L,B,,-,-,-,-,"- ",,,N,-,0,0,B,2014,-,A,01,,B,,-,-,2023
9678598,2,1,N,M,22,A,-,E,L,G,,-,3,-,-,"- ",,,N,-,0,2,B,2007,-,A,01,,H,,-,-,2023
9678600,1,1,Y,M,31,A,-,S,L,G,N,-,-,-,-,"- ",,,N,-,0,0,B,2015,FIAT,A,01,,H,,-,-,2023
9678600,2,1,N,F,38,A,-,S,M,G,Y,-,-,-,-,"- ",,,N,-,0,4,O,2016,-,A,01,,B,,-,-,2023
9678980,1,1,Y,F,20,H,H,W,L,G,Y,-,-,-,-,"- ",,,N,-,0,1,A,2009,-,A,01,,B,,-,-,2023
9678980,2,1,N,M,998,G,G,E,L,B,,-,-,-,-,"- ",,,A,N,0,0,A,2005,-,A,01,,B,,-,-,2023
9678980,3,3,N,-,998,H,H,E,-,-,O,-,-,-,-,"- ",,,N,-,0,0,O,2003,-,A,01,,,,-,-,2023
9679144,1,1,N,-,998,G,G,N,L,B,,-,-,-,-,"- ",,,-,-,0,0,-,2021,-,A,01,,,,-,-,2023
9679144,2,1,N,M,62,A,-,W,L,G,Y,-,-,-,-,"- ",,,-,-,0,1,B,2022,-,A,01,,B,,-,-,2023
9679302,1,1,Y,F,40,A,-,W,M,G,Y,-,-,-,-,"- ",,,A,-,0,0,B,2011,-,A,01,,W,,-,-,2023
9679302,2,1,N,M,65,A,-,W,M,G,Y,-,-,-,-,"- ",,,N,-,0,1,B,2021,-,A,08,,B,,-,-,2023
9679324,1,1,Y,M,998,G,G,E,L,B,,-,-,-,-,"- ",,,N,-,0,0,B,2017,-,A,01,,B,,-,-,2023
9679324,2,1,N,M,25,A,-,S,L,F,,-,-,-,-,"- ",,,N,-,0,1,B,2019,-,A,01,,B,,-,-,2023
9679346,1,1,Y,-,998,G,G,S,N,B,,-,-,-,-,"- ",,,N,-,0,0,D,,-,-,99,,,,-,-,2023
9679346,2,4,N,F,48,A,-,E,-,-,,-,-,-,-,"- ",,,N,-,0,1,B,,-,L,04,,H,,-,-,2023
9679632,1,1,N,M,42,G,G,E,P,V,Y,-,-,-,-,"- ",,,-,-,0,1,M,,-,-,99,,B,,-,-,2023
9679632,2,1,N,-,998,G,G,S,-,-,,-,-,-,-,"- ",,,-,-,0,0,M,,-,A,01,,,,-,-,2023
9680077,1,1,Y,F,24,A,-,S,M,G,Y,-,-,-,-,"- ",,,N,-,0,0,B,2020,-,A,07,,B,,-,-,2023
9680077,2,1,N,M,20,A,-,W,L,G,N,-,-,-,-,"- ",,,N,-,0,1,B,2000,FORD,A,01,,H,,-,-,2023
9680091,1,1,Y,M,17,A,-,E,L,G,Y,-,-,-,-,"- ",,,A,-,0,0,B,2020,-,A,01,,H,,-,-,2023
9680091,2,1,N,F,33,A,-,E,M,G,Y,-,-,-,-,"- ",,,N,-,0,0,B,2007,AUDI,A,01,,W,,-,-,2023
9680091,3,2,N,M,16,G,G,S,-,-,O,-,-,-,-,"- ",,,N,-,0,1,N,,-,N,60,,B,,-,-,2023
9680124,1,1,Y,M,40,A,-,N,M,C,Y,-,-,-,-,"- ",,,N,-,0,0,A,2016,-,A,07,,A,,-,-,2023
9680124,2,4,N,M,60,G,G,N,-,-,,-,-,-,-,"- ",,,N,-,0,1,M,,-,L,04,,B,,-,-,2023
9680323,1,1,Y,F,23,A,-,E,-,-,Y,-,3,-,-,"- ",,,N,-,0,1,B,2015,-,A,01,,O,,-,-,2024
9680323,2,1,N,M,30,A,-,E,-,-,Y,-,3,-,-,"- ",,,N,-,0,0,A,2005,-,A,01,,B,,-,-,2024
9680327,1,1,Y,F,27,A,-,S,-,-,Y,-,3,-,-,"- ",,,-,-,0,1,B,2009,-,A,01,,H,,-,-,2024
9680327,2,1,N,M,43,A,-,S,-,-,Y,-,3,-,-,"- ",,,-,-,0,2,A,2017,-,A,01,,W,,-,-,2024
9680491,1,1,N,F,48,A,-,S,L,G,Y,-,-,-,-,"- ",,,N,-,0,1,D,2016,-,A,01,,H,,-,-,2023
9680491,2,1,N,-,998,-,-,-,B,-,,-,-,-,-,"- ",,,-,-,0,0,-,,-,-,,,,,-,-,2023
9680539,1,1,Y,M,67,A,-,N,M,G,Y,-,-,-,-,"- ",,,E,N,0,0,E,2020,-,A,01,,,,-,-,2023
9680539,2,2,N,F,60,A,-,E,-,-,O,-,-,-,-,"- ",,,N,-,0,1,B,,-,N,60,,W,,-,-,2023
9680545,1,1,Y,M,20,A,-,S,L,G,,-,3,-,-,"- ",,,M,-,0,1,B,2012,FORD,A,07,,W,,-,-,2023
9680562,1,1,Y,F,998,G,G,E,L,G,,-,-,-,-,"- ",,,A,-,0,0,E,2005,-,A,07,,B,,-,-,2023
9680562,2,1,N,F,21,A,-,E,L,G,Y,-,-,-,-,"- ",,,A,-,0,1,E,2018,-,A,07,,B,,-,-,2023
9680584,1,1,Y,F,60,A,-,E,L,G,Y,-,3,-,-,"- ",,,N,-,0,1,E,2020,-,A,01,,W,,-,-,2024
9680584,2,1,N,M,20,A,-,W,L,G,Y,-,3,-,-,"- ",,,N,-,0,1,B,2006,-,D,22,,H,,-,-,2024
9680617,1,1,Y,M,56,A,-,W,M,G,Y,-,-,-,-,"- ",,,F,-,0,1,B,2015,-,A,01,,B,-,-,-,2023
9681029,1,1,Y,M,998,G,G,E,-,B,,-,-,-,-,"- ",,,N,-,0,0,B,,-,A,01,,B,,-,-,2024
9681029,2,1,N,F,33,A,-,E,L,G,,-,-,-,-,"- ",,,N,-,0,1,E,2017,-,A,01,,B,,-,-,2024
9681485,1,1,Y,F,28,A,-,W,L,G,Y,-,-,-,-,"- ",,,N,-,0,0,B,2023,-,A,01,,,,-,-,2024
9681485,2,1,N,F,33,A,-,N,M,G,,-,-,-,-,"- ",,,N,-,0,3,B,2019,-,I,20,,B,,-,-,2024
9681790,1,1,Y,M,998,G,G,E,L,B,,-,-,-,-,"- ",,,A,-,0,0,B,2003,-,A,08,,,,-,-,2024
9681790,2,1,N,F,52,A,-,W,M,C,,-,-,-,-,"- ",,,-,-,0,0,D,2005,-,A,01,,B,,-,-,2024
9681790,3,3,N,-,998,H,H,E,-,-,O,-,-,-,-,"- ",,,N,-,0,0,-,2008,-,A,01,,,,-,-,2024
9681790,4,2,N,M,46,-,-,-,-,-,O,-,-,-,-,"- ",,,-,-,0,1,-,,-,N,60,,H,,-,-,2024
9681790,5,2,N,F,20,-,-,-,-,-,O,-,-,-,-,"- ",,,-,-,0,1,-,,-,N,60,,H,,-,-,2024
9681790,6,3,N,-,998,-,-,E,-,-,O,-,-,-,-,"- ",,,N,-,0,0,-,2010,-,A,01,,,,-,-,2024
9681793,1,1,Y,M,41,A,-,N,M,G,Y,-,-,-,-,"- ",,,N,-,0,0,E,2005,-,A,01,,W,,-,-,2024
9681793,2,1,N,M,22,A,-,W,L,G,N,-,-,-,-,"- ",,,O,-,0,1,B,2012,-,A,01,,B,,-,-,2024
9682246,1,1,Y,F,42,A,-,W,M,G,N,-,-,-,-,"- ",,,N,-,0,0,E,2005,-,A,07,,O,,-,-,2023
9682246,2,4,N,M,31,A,-,W,-,-,,-,-,-,-,"- ",,,N,-,0,1,B,,-,L,04,,W,,-,-,2023
9683444,1,1,Y,M,69,A,-,E,M,G,Y,-,3,-,-,"- ",,,N,-,0,0,E,2012,-,A,08,,A,,-,-,2024
9683444,2,2,N,F,84,A,-,W,-,-,O,-,-,-,-,"- ",,,M,-,0,1,-,,-,N,60,,A,,-,-,2024
9683445,1,1,Y,-,998,G,G,S,B,-,,-,3,-,-,"- ",,,N,-,0,0,H,,-,A,01,,,,-,-,2024
9683445,2,1,N,F,25,A,-,S,M,G,,-,3,-,-,"- ",,,N,-,0,1,A,2011,-,A,07,,H,,-,-,2024
9683446,1,1,Y,M,998,G,G,E,B,-,,-,3,-,-,"- ",,,N,-,0,0,B,2005,FORD,A,07,,H,,-,-,2024
9683446,2,1,N,M,25,A,-,N,M,G,N,-,3,-,-,"- ",,,N,-,0,1,B,1990,-,A,01,,H,,-,-,2024
9683645,1,1,Y,M,998,G,G,S,M,B,,-,-,-,,24,22450,A,A,-,0,0,B,2007,-,A,01,,H,,-,-,2024
9683645,2,3,N,-,998,H,H,S,-,-,O,-,-,-,-,"- ",,,N,-,0,2,O,2005,-,A,01,,,,-,-,2024
9684268,1,1,Y,F,33,A,-,S,M,G,Y,-,-,-,-,"- ",,,N,-,0,0,E,2015,-,A,01,,W,,-,-,2024
9684268,2,2,N,F,23,A,-,W,-,-,O,-,-,-,-,"- ",,,N,-,0,1,B,,-,N,60,,H,,-,-,2024
9684591,1,1,Y,F,47,B,-,N,L,B,N,-,-,-,,31,22107,,A,-,0,1,B,1998,-,A,08,,B,,-,-,2023
9684591,2,1,N,F,37,A,-,N,M,H,N,-,-,-,-,"- ",,,N,-,0,1,B,2016,-,A,01,,H,,-,-,2023
9684591,3,3,N,-,998,H,H,N,-,-,O,-,-,-,-,"- ",,,N,-,0,0,O,2020,-,D,22,,,,-,-,2023
9684745,1,1,Y,-,998,G,G,W,-,B,,-,-,-,-,"- ",,,N,-,0,0,B,,-,A,07,,,,-,-,2024
9684745,2,1,N,M,43,A,-,S,L,G,Y,-,-,-,-,"- ",,,N,-,0,1,B,2006,-,A,01,,,,-,-,2024
9685121,1,1,Y,M,57,A,-,W,P,G,Y,-,-,-,-,"- ",,,N,-,0,0,B,1999,-,A,08,,H,,-,-,2024
9685121,2,1,N,F,33,A,-,N,M,G,N,-,-,-,-,"- ",,,N,-,0,1,N,2013,-,A,01,,B,,-,-,2024
9685329,1,1,Y,-,998,G,G,W,N,B,,-,-,-,-,"- ",,,A,-,0,0,B,,-,A,01,,,,-,-,2024
9685329,2,2,N,M,28,D,-,W,-,-,O,-,-,-,-,"- ",,,N,-,0,1,R,,-,N,60,,W,,-,-,2024
9685470,1,1,Y,M,998,G,G,E,M,B,,-,-,-,-,"- ",,,N,-,0,0,B,2023,-,A,01,,H,,-,-,2024
9685470,2,3,N,-,998,H,H,E,-,-,O,-,-,-,-,"- ",,,N,-,0,1,O,2016,-,A,01,,,,-,-,2024
9685479,1,1,Y,F,998,G,G,W,M,B,,-,-,-,-,"- ",,,A,-,0,0,B,2001,-,A,01,,B,,-,-,2024
9685479,2,1,N,F,32,A,-,W,L,G,Y,-,-,-,-,"- ",,,A,-,0,1,A,2006,-,A,01,,W,,-,-,2024
9685479,3,1,N,F,29,A,-,W,M,G,Y,-,-,-,-,"- ",,,A,-,0,0,A,2015,-,A,01,,A,,-,-,2024
9685479,4,1,N,M,44,A,-,W,M,E,Y,-,-,-,-,"- ",,,A,-,0,0,A,2009,-,A,01,,H,,-,-,2024
9685480,1,1,Y,F,34,A,-,N,M,G,Y,-,3,-,-,"- ",,,N,-,0,0,D,2015,-,A,07,,W,,-,-,2024
9685480,2,4,N,M,40,A,-,N,-,-,,-,3,-,-,"- ",,,N,-,0,1,B,,-,L,04,,H,,-,-,2024
9685481,1,1,Y,-,998,G,G,E,B,-,,-,-,-,-,"- ",,,O,-,0,0,B,,-,A,01,,,,-,-,2024
9685481,2,1,N,M,53,A,-,S,N,Y,,-,3,-,-,"- ",,,A,-,0,1,B,,-,M,94,,B,,-,-,2024
9685483,1,1,Y,M,17,A,-,N,M,G,N,-,-,-,-,"- ",,,N,-,0,0,E,2006,-,A,01,,,,-,-,2024
9685483,2,1,N,F,26,A,-,W,L,G,N,-,-,-,-,"- ",,,N,-,0,3,B,2006,-,A,01,,H,,-,-,2024
9685754,1,1,Y,-,998,D,-,W,N,B,N,-,-,-,-,"- ",,,A,-,0,0,G,,FORD,D,23,,,,-,-,2024
9685754,2,1,N,M,63,A,-,E,L,G,N,-,-,-,-,"- ",,,N,-,0,1,B,1997,-,A,01,,B,,-,-,2024
9685825,1,1,Y,M,53,A,-,E,P,H,Y,-,-,-,-,"- ",,,N,-,0,1,B,2007,-,C,02,,B,,-,-,2024
9685825,2,1,N,F,54,A,-,E,M,G,Y,-,-,-,-,"- ",,,J,-,0,0,E,2018,-,A,01,,A,,-,-,2024
9685967,1,1,Y,-,998,G,G,S,M,B,,-,3,-,-,"- ",,,N,-,0,0,B,2010,-,A,01,,,,-,-,2024
9685967,2,1,N,M,36,A,-,N,M,G,Y,-,-,-,-,"- ",,,N,-,0,1,A,2016,-,A,07,,,,-,-,2024
9686657,1,1,N,M,52,A,-,S,M,G,Y,-,-,-,-,"- ",,,N,-,0,0,B,2018,-,F,27,,B,,-,-,2023
9686657,2,1,N,M,46,A,-,W,M,G,Y,-,-,-,-,"- ",,,N,-,0,1,B,2021,-,A,01,,A,,-,-,2023
9686659,1,1,Y,M,49,A,-,N,M,G,,-,3,-,-,"- ",,,N,-,0,0,B,2018,-,I,11,,W,,-,-,2024
9686659,2,1,N,F,39,A,-,N,M,G,Y,-,3,-,-,"- ",,,N,-,0,1,A,2015,-,A,01,,A,,-,-,2024
9686794,1,1,Y,M,998,A,-,-,M,B,,-,-,-,-,"- ",,,A,-,0,0,B,,-,F,26,,H,,-,-,2024
9686794,2,1,N,M,36,A,-,W,M,G,N,-,-,-,-,"- ",,,-,-,0,1,B,2008,-,A,08,,H,,-,-,2024
9686835,1,1,Y,-,998,G,G,E,-,B,,-,-,-,-,"- ",,,A,O,0,0,B,,-,A,07,,,,-,-,2024
9686835,2,1,N,F,79,A,-,S,-,-,Y,-,-,-,-,"- ",,,-,-,0,1,D,2011,-,D,22,,H,,-,-,2024
9686835,3,1,N,F,38,A,-,N,-,-,Y,-,-,-,-,"- ",,,-,-,0,0,A,2003,FORD,A,07,,H,,-,-,2024
9686993,1,1,N,F,35,A,-,N,M,G,Y,-,3,-,-,"- ",,,N,-,0,0,B,2020,FORD,F,26,,H,,-,-,2024
9686993,2,1,N,M,77,A,-,W,M,G,Y,-,3,-,-,"- ",,,N,-,0,1,B,2004,-,A,01,,A,,-,-,2024
9686995,1,1,Y,M,58,B,-,E,M,B,,-,-,-,,25,22350,,A,N,0,1,B,1998,-,D,22,,B,,-,-,2024
9686995,2,1,N,M,38,A,-,E,M,G,Y,-,-,-,-,"- ",,,N,-,0,0,A,2021,-,A,07,,H,,-,-,2024
9688068,1,1,Y,M,29,A,-,N,M,H,,-,-,-,-,"- ",,,N,-,0,1,E,2014,JEEP,A,01,,B,,-,-,2024
9688068,2,1,N,F,30,A,-,N,M,G,Y,-,-,-,-,"- ",,,N,-,0,1,B,2008,-,A,01,,B,,-,-,2024
9688215,1,1,N,M,37,A,-,S,L,G,Y,-,-,-,-,"- ",,,N,-,0,0,B,2010,-,A,01,,H,,-,-,2024
9688215,2,1,N,M,35,A,-,W,L,G,N,-,-,-,-,"- ",,,N,-,0,1,B,2012,-,A,01,,H,,-,-,2024
9690355,1,1,Y,F,48,A,-,N,M,Q,Y,-,3,-,-,"- ",,,A,G,0,0,B,2014,-,A,07,,W,,-,-,2024
9690355,2,1,N,M,64,A,-,N,M,Q,Y,-,3,-,-,"- ",,,G,-,0,1,B,2021,-,A,01,,B,,-,-,2024
9690357,1,1,Y,M,28,A,-,E,M,G,Y,-,3,-,-,"- ",,,N,-,0,0,E,2010,-,A,01,,H,,-,-,2024