CASE_ID,PARTY_NUMBER,PARTY_TYPE,AT_FAULT,PARTY_SEX,PARTY_AGE,PARTY_SOBRIETY,PARTY_DRUG_PHYSICAL,DIR_OF_TRAVEL,PARTY_SAFETY_EQUIP_1,PARTY_SAFETY_EQUIP_2,FINAN_RESPONS,SP_INFO_1,SP_INFO_2,SP_INFO_3,OAF_VIOLATION_CODE,OAF_VIOL_CAT,OAF_VIOL_SECTION,OAF_VIOLATION_SUFFIX,OAF_1,OAF_2,PARTY_NUMBER_KILLED,PARTY_NUMBER_INJURED,MOVE_PRE_ACC,VEHICLE_YEAR,VEHICLE_MAKE,STWD_VEHICLE_TYPE,CHP_VEH_TYPE_TOWING,CHP_VEH_TYPE_TOWED,RACE,INATTENTION,SPECIAL_INFO_F,SPECIAL_INFO_G,ACCIDENT_YEAR
9733309,1,1,Y,M,998,G,G,S,M,B,,-,-,-,-,"- ",,,N,-,0,0,B,2002,FORD,D,22,,,,-,-,2024
9733309,2,1,N,F,54,A,-,N,L,G,Y,-,-,-,-,"- ",,,N,-,0,1,B,2021,-,A,07,,W,,-,-,2024
9733317,1,2,Y,M,20,A,-,S,-,-,O,-,-,-,-,"- ",,,N,-,0,1,E,,-,N,60,,W,,-,-,2024
9733317,2,1,N,M,79,A,-,S,M,G,Y,-,-,-,-,"- ",,,N,-,0,0,B,2005,-,D,22,,W,,-,-,2024
9733391,1,1,Y,-,998,G,G,E,-,B,,-,-,-,-,"- ",,,A,-,0,0,D,2015,-,A,01,,,,-,-,2023
9733391,2,2,N,M,47,G,G,-,-,-,O,-,-,-,-,"- ",,,N,-,0,1,-,,-,N,60,,H,,-,-,2023
9733391,3,2,N,F,19,G,G,-,-,-,O,-,-,-,-,"- ",,,-,-,0,1,-,,-,N,60,,H,,-,-,2023
9733392,1,1,Y,-,998,G,G,W,-,B,,-,-,-,-,"- ",,,N,-,0,0,E,2021,-,A,01,,,,-,-,2024
9733392,2,1,N,M,50,A,-,W,-,B,Y,-,-,-,-,"- ",,,N,-,0,1,B,2014,-,C,02,,B,,-,-,2024
9733394,1,1,Y,M,998,G,G,N,N,B,,-,-,-,-,"- ",,,N,-,0,0,B,,-,A,08,,H,,-,-,2024
9733394,2,4,N,M,48,A,-,N,-,-,,-,-,-,-,"- ",,,O,-,0,1,-,,-,L,04,,B,,-,-,2024
9733605,1,1,N,-,998,G,G,-,B,-,,-,-,-,-,"- ",,,N,-,0,0,B,,-,-,99,,,,-,-,2024
9733605,2,2,N,M,21,B,-,-,-,-,O,-,-,-,-,"- ",,,N,-,0,1,B,,-,N,60,,B,,-,-,2024
9733608,1,1,Y,M,54,A,-,N,M,G,Y,-,-,-,-,"- ",,,N,-,0,0,E,2007,-,A,01,,A,,-,-,2024
9733608,2,1,N,M,43,A,-,W,L,G,Y,-,-,-,-,"- ",,,N,-,0,1,B,2013,-,A,01,,H,,-,-,2024
9733623,1,1,Y,F,53,G,G,N,M,B,N,-,-,-,-,"- ",,,N,-,0,0,E,2020,-,A,07,,B,,-,-,2024
9733623,2,1,N,M,42,G,G,E,M,W,Y,-,3,-,-,"- ",,,N,-,0,1,B,2024,-,C,02,,H,,-,-,2024
9733637,1,1,Y,M,49,B,-,N,L,G,N,-,-,-,-,"- ",,,N,-,0,1,C,2002,-,A,01,,H,,-,-,2024
9733637,2,3,N,-,998,H,H,S,-,-,O,-,-,-,-,"- ",,,N,-,0,0,O,2021,-,A,01,,,,-,-,2024
9733638,1,1,Y,-,998,G,G,S,L,B,,-,-,-,-,"- ",,,A,-,0,0,B,2010,-,A,01,,,,-,-,2024
9733638,2,1,N,M,45,A,-,S,M,G,,-,-,-,-,"- ",,,N,-,0,1,B,2023,-,A,07,,A,,-,-,2024
9733657,1,1,Y,M,26,A,-,W,P,W,Y,-,-,-,-,"- ",,,N,-,0,1,M,2024,-,C,02,,A,,-,-,2024
9733657,2,1,N,M,37,-,-,E,M,G,Y,-,-,-,-,"- ",,,N,-,0,0,B,2015,-,A,01,,W,,-,-,2024
9733751,1,1,Y,M,41,A,-,-,-,-,,-,-,-,-,"- ",,,N,-,0,1,M,2007,-,A,01,,B,,-,-,2024
9733760,1,1,Y,M,22,A,-,N,M,G,Y,-,3,-,-,"- ",,,N,-,0,0,E,2004,-,A,01,,B,,-,-,2024
9733760,2,1,N,M,53,A,-,S,L,C,Y,-,3,-,-,"- ",,,N,-,0,1,B,2017,-,A,01,,,,-,-,2024
9733762,1,1,Y,M,998,G,G,W,-,B,,-,-,-,-,"- ",,,N,-,0,0,I,,-,A,01,,B,,-,-,2024
9733762,2,1,N,M,31,A,-,W,L,G,N,-,-,-,-,"- ",,,N,-,0,1,H,2013,AUDI,A,01,,B,,-,-,2024
9733999,1,1,N,F,28,A,-,S,M,G,,-,-,-,-,"- ",,,N,-,0,0,B,2000,-,A,01,,B,,-,-,2024
9733999,2,1,N,M,41,A,-,N,L,G,,-,-,-,-,"- ",,,N,-,0,1,B,2023,-,A,01,,B,,-,-,2024
9733999,3,3,N,-,998,H,H,E,-,-,O,-,-,-,-,"- ",,,-,-,0,0,O,2005,-,A,07,,,,-,-,2024
9734459,1,1,Y,F,60,A,-,S,M,G,Y,-,3,-,-,"- ",,,N,-,0,1,D,2015,-,A,01,,B,,-,-,2024
9734459,2,1,N,M,33,A,-,S,M,G,Y,-,3,-,-,"- ",,,N,-,0,0,B,2005,-,A,01,,H,,-,-,2024
9734465,1,1,N,F,20,A,-,S,L,G,Y,-,-,-,,25,22350,,A,N,0,2,B,2013,-,A,01,,B,,-,-,2024
9734465,2,1,N,F,36,A,-,E,L,G,Y,-,-,-,-,"- ",,,N,-,0,1,B,2021,JEEP,A,07,,O,,-,-,2024
9734468,1,1,Y,-,998,G,G,N,L,B,N,-,-,-,-,"- ",,,N,-,0,0,B,2007,-,A,01,,,,-,-,2024
9734468,2,1,N,M,47,A,-,E,L,G,Y,-,-,-,-,"- ",,,N,-,0,1,B,2012,-,A,01,,B,,-,-,2024
9734473,1,1,Y,M,998,G,G,W,L,B,N,-,-,-,-,"- ",,,A,-,0,0,B,2002,-,A,01,,B,,-,-,2024
9734473,2,1,N,F,37,A,-,S,L,C,Y,-,-,-,-,"- ",,,N,-,0,1,B,2017,-,A,01,,H,,-,-,2024
9735424,1,1,Y,-,998,G,G,S,-,-,,-,-,-,-,"- ",,,N,-,0,0,B,,-,-,99,,,,-,-,2024
9735424,2,2,N,M,69,H,H,W,-,-,O,-,-,-,-,"- ",,,N,-,0,1,R,,-,N,60,,B,,-,-,2024
9735426,1,1,Y,M,19,A,-,N,L,G,Y,-,3,-,-,"- ",,,O,-,0,2,B,2003,-,A,01,,,,-,-,2024
9735426,2,1,N,F,61,A,-,W,M,G,Y,-,3,-,-,"- ",,,N,-,0,2,B,2014,-,A,01,,,,-,-,2024
9735428,1,1,Y,-,998,G,G,-,-,B,N,-,-,-,-,"- ",,,-,-,0,0,B,,-,A,01,,,,-,-,2024
9735428,2,1,N,M,42,A,-,S,-,A,,-,-,-,-,"- ",,,A,-,0,1,E,2004,-,C,02,,H,,-,-,2024
9735783,1,1,Y,M,20,A,-,W,L,G,Y,-,3,-,-,"- ",,,N,-,0,1,B,2016,-,A,01,,O,,-,-,2024
9735783,2,1,N,F,22,A,-,S,M,G,Y,-,3,-,-,"- ",,,N,-,0,1,B,2018,-,A,01,,H,,-,-,2024
9735886,1,1,Y,M,37,A,-,S,M,G,N,-,3,-,-,"- ",,,N,-,0,0,B,2013,-,A,01,,H,,-,-,2024
9735886,2,2,N,F,77,A,-,-,-,-,O,-,3,-,-,"- ",,,N,-,0,1,B,,-,N,60,,W,,-,-,2024
9735888,1,1,Y,M,19,A,-,N,M,C,Y,-,3,-,-,"- ",,,N,-,0,0,I,2014,-,A,01,,O,,-,-,2024
9735888,2,1,N,F,55,A,-,N,M,C,Y,-,3,-,-,"- ",,,N,-,0,1,A,2023,-,A,01,,B,,-,-,2024
9735890,1,1,N,F,60,A,-,S,B,G,Y,-,3,-,,25,22350,,A,-,0,0,B,2019,FORD,A,01,,W,,-,-,2024
9735890,2,1,Y,M,19,A,-,S,P,A,,-,3,-,-,"- ",,,-,-,0,1,E,,-,M,94,,O,,-,-,2024
9735892,1,1,Y,F,15,A,-,S,P,V,,-,3,-,,44,21235,G,A,-,0,2,B,2024,-,M,94,,H,,-,-,2024
9735894,1,1,Y,M,77,G,G,S,M,G,Y,-,3,-,-,"- ",,,N,-,0,0,D,2000,-,A,01,,H,,-,-,2024
9735894,2,1,N,M,18,G,G,S,M,W,,-,3,-,-,"- ",,,N,-,0,1,B,,-,M,94,,A,,-,-,2024
9735899,1,1,N,M,43,A,-,E,M,W,Y,-,3,-,-,"- ",,,N,-,0,1,B,2023,-,C,02,,B,,-,-,2024
9735899,2,1,N,F,33,A,-,E,M,G,Y,-,3,-,-,"- ",,,N,-,0,0,D,2008,-,A,01,,H,,-,-,2024
9735902,1,1,Y,M,20,A,-,S,L,G,,-,1,-,-,"- ",,,-,-,0,1,B,2014,-,A,01,,H,,-,-,2024
9735904,1,1,Y,M,20,G,G,W,B,-,Y,-,3,-,-,"- ",,,N,-,0,0,K,2002,-,A,01,,A,,-,-,2024
9735904,2,3,N,-,998,H,H,-,-,-,O,-,3,-,-,"- ",,,N,-,0,1,O,2023,-,A,01,,,,-,-,2024
9735906,1,1,Y,M,998,G,G,S,B,-,,-,-,-,,19,20001,A,A,-,0,0,D,,-,A,01,,H,,-,-,2024
9735906,2,2,N,M,18,A,-,-,-,-,O,-,3,-,-,"- ",,,N,-,0,1,B,,-,N,60,,O,,-,-,2024
9735907,1,1,Y,M,48,A,-,W,M,B,Y,-,3,-,-,"- ",,,N,-,0,1,B,2006,-,A,01,,H,,-,-,2024
9735907,2,1,N,M,35,A,-,W,M,G,Y,-,3,-,-,"- ",,,N,-,0,0,B,2022,-,A,01,,W,,-,-,2024
9735915,1,1,Y,M,998,G,G,S,B,-,,-,-,-,,19,20001,A,A,-,0,0,B,2018,-,A,01,,B,,-,-,2024
9735915,2,1,N,M,41,A,-,W,M,G,,-,3,-,-,"- ",,,N,-,0,1,B,2006,-,A,01,,A,,-,-,2024
9736982,1,1,Y,M,56,H,H,N,M,C,,-,-,-,-,"- ",,,A,-,0,1,B,1965,-,D,22,,W,,-,-,2024
9736982,2,1,N,M,53,H,H,W,M,C,Y,-,-,-,-,"- ",,,A,-,0,0,B,2012,-,F,27,,A,,-,-,2024
9736982,3,3,N,-,998,H,H,W,-,-,O,-,-,-,-,"- ",,,A,-,0,0,B,2006,-,-,,31,,,-,-,2024
9736990,1,1,Y,M,84,A,-,N,L,G,,-,3,-,-,"- ",,,N,-,0,2,D,2011,-,A,01,,B,,-,-,2024
9736990,2,1,N,F,43,A,-,W,M,C,,-,3,-,-,"- ",,,N,-,0,1,B,2014,-,I,20,,B,,-,-,2024
9737474,1,1,Y,M,998,G,G,W,N,B,,-,-,-,-,"- ",,,N,-,0,0,B,,FORD,D,22,,H,,-,-,2024
9737474,2,1,N,M,31,A,-,N,L,G,Y,-,3,-,-,"- ",,,N,-,0,2,B,2021,-,A,01,,H,,-,-,2024
9738400,1,1,N,F,68,A,-,W,M,G,Y,-,3,-,-,"- ",,,N,-,0,1,B,2004,-,A,01,,O,,-,-,2024
9738400,2,1,N,F,21,A,-,N,L,G,Y,-,3,-,-,"- ",,,N,-,0,2,B,2022,-,A,01,,A,,-,-,2024
9738400,3,3,N,-,998,H,H,W,-,-,O,-,3,-,-,"- ",,,L,-,0,0,O,2004,-,A,01,,,,-,-,2024
9739575,1,1,Y,F,19,A,-,E,L,G,,-,3,-,-,"- ",,,K,-,0,1,B,2012,-,A,01,,B,,-,-,2024
9739575,2,1,N,M,66,A,-,E,M,G,Y,-,3,-,-,"- ",,,-,-,0,0,A,2007,-,D,22,,W,,-,-,2024
9739577,1,1,Y,M,23,A,-,S,M,G,,-,3,-,,33,21801,A,A,-,0,0,E,2012,-,D,22,,H,,-,-,2024
9739577,2,1,N,M,62,A,-,E,P,W,Y,-,3,-,-,"- ",,,-,-,0,1,B,1994,-,C,02,,H,,-,-,2024
9739642,1,1,Y,F,21,A,-,E,L,G,Y,-,3,-,,24,22450,A,A,N,0,1,B,2006,-,A,01,,H,,-,-,2024
9739642,2,1,N,F,82,A,-,N,M,G,Y,-,3,-,-,"- ",,,N,-,0,0,B,2017,-,A,01,,B,,-,-,2024
9739652,1,1,Y,M,43,A,-,E,M,G,Y,-,3,-,-,"- ",,,F,-,0,0,D,2016,FORD,A,01,,H,-,-,-,2024
9739652,2,1,N,M,62,-,-,E,M,G,Y,-,3,-,-,"- ",,,N,-,0,1,B,2019,-,A,01,,B,,-,-,2024
9739655,1,2,Y,F,48,G,G,-,-,-,O,-,3,-,,35,21955,,A,-,0,1,A,,-,N,60,,B,,-,-,2024
9739655,2,1,N,F,57,A,-,W,M,C,Y,-,3,-,-,"- ",,,-,-,0,0,A,2014,-,A,01,,H,,-,-,2024
9739665,1,1,Y,M,53,A,-,W,L,G,Y,-,3,-,-,"- ",,,N,-,0,0,B,2025,-,A,01,,O,,-,-,2024
9739665,2,1,N,F,32,A,-,N,L,G,Y,-,3,-,-,"- ",,,N,-,0,1,B,2017,JEEP,A,07,,H,,-,-,2024
9739668,1,1,Y,F,78,A,-,S,L,G,Y,-,3,-,,25,22350,,A,-,0,2,B,2005,-,A,01,,W,,-,-,2024
9739670,1,1,Y,F,74,A,-,N,L,G,Y,-,3,-,-,"- ",,,N,-,0,1,E,2022,-,A,07,,W,,-,-,2024
9739673,1,1,Y,F,18,A,-,N,M,G,Y,-,3,-,-,"- ",,,-,-,0,1,A,2024,-,A,01,,O,,-,-,2024
9739673,2,1,N,M,58,A,-,W,L,G,Y,-,3,-,-,"- ",,,-,-,0,1,B,2021,-,A,01,,O,,-,-,2024
9739677,1,1,Y,F,49,B,-,W,M,G,,-,3,-,,23,21453,A,A,-,0,1,B,2023,-,A,01,,W,,-,-,2024
9739677,2,1,N,M,67,A,-,W,M,G,Y,-,3,-,-,"- ",,,N,-,0,2,A,2013,-,A,01,,W,,-,-,2024
9739679,1,1,Y,M,71,A,-,S,P,W,,-,3,-,-,"- ",,,-,-,0,1,E,,-,C,02,,W,,-,-,2024
9739679,2,3,N,-,998,H,H,S,-,-,O,-,3,-,-,"- ",,,-,-,0,0,O,2015,-,A,07,,,,-,-,2024
9739679,3,3,N,-,998,H,H,S,-,-,O,-,3,-,-,"- ",,,-,-,0,0,O,2017,-,A,01,,,,-,-,2024
9739680,1,1,Y,M,998,G,G,N,B,-,,-,3,-,,25,22350,,A,-,0,0,B,2018,-,A,01,,W,,-,-,2024
9739680,2,1,N,M,57,A,-,N,M,B,,-,3,-,-,"- ",,,N,-,0,1,B,2009,FORD,A,01,,W,,-,-,2024
9739726,1,1,Y,M,39,A,-,S,M,G,Y,-,3,-,,23,21453,A,A,-,0,0,B,2011,-,A,01,,W,,-,-,2024
9739726,2,1,N,M,87,A,-,W,L,G,Y,-,3,-,-,"- ",,,N,-,0,1,E,2013,-,A,01,,W,,-,-,2024
9739736,1,1,Y,-,998,G,G,W,L,B,,-,-,-,,00,21655,1,A,-,0,0,B,2017,-,A,01,,,,-,-,2024
9739736,2,1,N,M,42,A,-,W,L,G,Y,-,-,-,-,"- ",,,N,-,0,1,E,2018,-,A,01,,B,,-,-,2024
9739737,1,1,Y,M,43,A,-,E,P,W,Y,-,3,-,-,"- ",,,N,-,0,1,B,2012,-,C,02,,W,,-,-,2024
9739737,2,1,N,F,23,A,-,E,M,G,Y,-,3,-,-,"- ",,,N,-,0,0,A,2003,-,A,01,,W,,-,-,2024
9739737,3,3,N,-,998,H,H,E,-,-,O,-,3,-,-,"- ",,,N,-,0,0,O,2024,-,A,01,,,,-,-,2024
9740156,1,1,Y,-,998,G,G,E,-,B,N,-,-,-,-,"- ",,,N,-,0,0,B,2008,-,F,26,,,,-,-,2024
9740156,2,1,N,M,56,C,-,W,M,G,Y,-,3,-,-,"- ",,,N,-,0,1,E,2023,-,A,01,,A,,-,-,2024
9740160,1,1,Y,M,34,A,-,N,M,C,Y,-,-,-,-,"- ",,,N,-,0,0,D,2022,FORD,D,22,,,,-,-,2024
9740160,2,1,N,F,33,A,-,N,P,A,N,-,-,-,-,"- ",,,N,-,0,1,B,,-,M,94,,B,,-,-,2024
9740201,1,1,Y,-,998,G,G,N,-,B,,-,-,-,-,"- ",,,A,-,0,0,B,,-,-,99,,,,-,-,2024
9740201,2,1,N,F,52,A,-,N,M,G,Y,-,-,-,-,"- ",,,-,-,0,1,B,2021,-,A,01,,B,,-,-,2024
9740337,1,1,Y,F,48,A,-,N,M,G,Y,-,3,-,-,"- ",,,N,-,0,1,B,2006,-,A,01,,W,,-,-,2024
9740337,2,1,N,M,67,A,-,W,L,G,Y,-,3,-,-,"- ",,,N,-,0,1,B,2020,-,A,01,,H,,-,-,2024
9740344,1,1,Y,M,24,A,-,N,L,G,Y,-,-,-,-,"- ",,,N,-,0,2,E,2001,-,A,01,,A,,-,-,2024
9740344,2,1,N,M,35,A,-,S,M,G,Y,-,-,-,-,"- ",,,N,-,0,0,B,1985,-,A,01,,W,,-,-,2024
9740355,1,1,Y,F,998,G,G,N,M,B,,-,-,-,-,"- ",,,N,-,0,0,B,2024,-,A,01,,B,,-,-,2024
9740355,2,4,N,M,49,G,G,E,-,-,,-,-,-,-,"- ",,,N,-,0,1,B,,-,L,04,,H,,-,-,2024
9740364,1,1,Y,M,51,A,-,W,L,F,Y,-,-,-,-,"- ",,,N,-,0,0,B,2006,-,A,01,,B,,-,-,2024
9740364,2,1,N,M,68,A,-,S,L,G,Y,-,-,-,-,"- ",,,N,-,0,1,B,2023,-,A,01,,,,-,-,2024
9740369,1,1,Y,M,47,A,-,W,L,G,,-,3,-,-,"- ",,,N,-,0,1,B,1997,-,A,01,,B,,-,-,2024
9740370,1,1,Y,M,36,A,-,S,M,G,Y,-,-,-,-,"- ",,,N,-,0,0,B,2012,-,A,01,,A,,-,-,2024
9740370,2,1,N,M,64,A,-,W,M,G,Y,-,-,-,-,"- ",,,N,-,0,1,B,2008,FORD,A,07,,B,,-,-,2024
9740371,1,1,Y,M,28,A,-,W,M,G,Y,-,-,-,-,"- ",,,N,-,0,0,B,2022,-,A,01,,A,,-,-,2024
9740371,2,1,N,F,24,A,-,S,L,F,Y,-,-,-,-,"- ",,,N,-,0,1,B,2018,-,A,01,,B,,-,-,2024
9740372,1,1,Y,M,33,A,-,S,M,G,Y,-,3,-,-,"- ",,,A,-,0,0,D,2020,-,A,01,,W,,-,-,2024
9740372,2,1,N,M,19,A,-,S,M,G,Y,-,3,-,-,"- ",,,-,-,0,1,B,2021,-,A,01,,O,,-,-,2024
9740375,1,1,Y,F,22,A,-,W,M,G,,-,-,-,-,"- ",,,A,-,0,1,B,2006,-,A,01,,H,,-,-,2024
9740375,2,1,N,M,29,A,-,W,M,G,Y,-,-,-,-,"- ",,,-,-,0,0,B,2020,-,A,01,,H,,-,-,2024
9740375,3,1,N,M,19,A,-,W,M,G,Y,-,-,-,-,"- ",,,-,-,0,1,B,2008,-,A,01,,H,,-,-,2024
9740375,4,3,N,-,998,H,H,W,-,-,O,-,-,-,-,"- ",,,-,-,0,0,-,1999,-,A,01,,,,-,-,2024
9740389,1,1,Y,-,998,G,G,N,-,B,,-,-,-,-,"- ",,,O,-,0,0,B,,-,A,01,,,,-,-,2024
9740389,2,4,N,M,61,A,-,N,-,-,,-,-,-,-,"- ",,,N,-,0,1,B,,-,L,04,,H,,-,-,2024
9740394,1,1,Y,-,998,G,G,W,-,-,,-,-,-,-,"- ",,,O,-,0,0,B,,-,A,01,,,,-,-,2024
9740394,2,1,N,F,63,-,-,S,L,G,Y,-,-,-,-,"- ",,,-,-,0,1,B,2019,-,A,01,,B,,-,-,2024
9740397,1,1,Y,-,998,G,G,W,M,B,Y,-,-,-,-,"- ",,,N,-,0,0,B,2014,-,C,06,,,,-,-,2024
9740397,2,1,N,F,66,A,-,W,M,G,Y,-,-,-,-,"- ",,,N,-,0,1,A,2015,-,A,01,,B,,-,-,2024
9741317,1,1,Y,M,69,-,-,N,P,V,N,-,-,-,-,"- ",,,N,-,0,1,M,,-,C,03,,B,,-,-,2024
9741844,1,1,Y,M,32,A,-,S,M,G,Y,-,-,-,-,"- ",,,E,-,0,1,L,2017,-,A,01,,B,,-,-,2024
9741844,2,1,N,F,33,A,-,W,M,G,Y,-,-,-,-,"- ",,,N,-,0,0,B,2017,-,A,07,,B,,-,-,2024
9738807,1,1,Y,M,40,A,-,N,M,G,Y,-,3,-,-,"- ",,,N,-,0,1,B,2004,-,A,01,,H,,-,-,2023
9738807,2,1,N,F,32,A,-,W,M,G,Y,-,3,-,-,"- ",,,N,-,0,2,B,2013,-,A,07,,B,,-,-,2023
9742136,1,1,Y,M,35,D,-,N,P,W,N,-,-,-,-,"- ",,,-,-,0,1,B,,-,C,02,,H,,-,-,2024
9742136,2,1,N,F,31,A,-,N,M,G,Y,-,-,-,-,"- ",,,N,-,0,0,E,2017,-,A,01,,H,,-,-,2024
9742225,1,1,Y,M,41,A,-,N,M,G,Y,-,-,-,-,"- ",,,-,-,0,1,B,2020,FORD,A,07,,O,,-,-,2024
9742225,2,1,N,M,44,A,-,S,-,W,Y,-,-,-,-,"- ",,,-,-,0,0,B,2005,-,C,02,,W,,-,-,2024
9742226,1,1,Y,F,40,A,-,W,L,G,N,-,-,-,-,"- ",,,N,-,0,2,B,2006,-,A,01,,B,,-,-,2024
9742226,2,1,N,M,20,A,-,S,L,G,Y,-,-,-,-,"- ",,,N,-,0,1,B,2014,-,A,01,,H,,-,-,2024
9742227,1,1,Y,M,48,A,-,S,M,G,Y,-,-,-,-,"- ",,,N,-,0,1,E,2024,-,A,01,,,,-,-,2024
9742227,2,1,N,M,44,A,-,S,M,G,Y,-,-,-,-,"- ",,,N,-,0,0,B,2017,-,A,01,,A,,-,-,2024
9742534,1,1,Y,M,26,A,-,S,L,G,Y,-,-,-,-,"- ",,,N,-,0,0,E,2008,FORD,D,22,,H,,-,-,2024
9742534,2,1,N,M,26,A,-,E,L,G,Y,-,-,-,-,"- ",,,N,-,0,1,B,2009,-,A,01,,H,,-,-,2024
9743362,1,1,Y,M,44,G,G,W,N,B,Y,-,3,-,-,"- ",,,N,-,0,0,B,2005,-,C,06,,H,,-,-,2024
9743362,2,1,N,M,25,A,-,W,M,G,Y,-,3,-,-,"- ",,,N,-,0,1,A,2019,-,A,01,,H,,-,-,2024
9743366,1,1,Y,F,66,A,-,E,M,G,Y,-,-,-,-,"- ",,,N,-,0,2,G,2012,-,A,01,,A,,-,-,2024
9743370,1,1,Y,M,62,A,-,E,L,G,Y,-,-,-,-,"- ",,,N,-,0,1,B,1998,-,A,01,,B,,-,-,2024
9743370,2,3,N,-,998,H,H,E,-,-,O,-,-,-,-,"- ",,,N,-,0,0,Q,2012,-,A,01,,,,-,-,2024
9743787,1,1,Y,F,21,G,G,S,M,H,Y,-,3,-,,25,22350,,A,-,0,1,B,1999,-,A,01,,W,,-,-,2024
9743787,2,3,N,-,998,H,H,-,-,-,O,-,3,-,-,"- ",,,N,-,0,0,O,2000,-,A,01,,,,-,-,2024
9743787,3,3,N,-,998,H,H,-,-,-,O,-,3,-,-,"- ",,,N,-,0,0,O,2005,-,A,01,,,,-,-,2024
9743788,1,1,Y,F,16,A,-,S,L,G,Y,-,3,-,-,"- ",,,N,-,0,1,B,2006,-,A,07,,W,,-,-,2024
9743788,2,1,N,M,41,A,-,E,L,G,Y,-,3,-,-,"- ",,,N,-,0,1,B,2013,-,A,01,,O,,-,-,2024
9743792,1,1,Y,F,56,A,-,E,M,B,,-,3,-,-,"- ",,,N,-,0,0,G,2000,-,A,01,,W,,-,-,2024
9743792,2,3,N,-,998,H,H,W,-,-,O,-,3,-,-,"- ",,,N,-,0,0,O,2024,-,C,02,,,,-,-,2024
9743792,3,2,N,M,23,A,-,-,-,-,O,-,3,-,-,"- ",,,N,-,0,1,R,,-,N,60,,O,,-,-,2024
9743793,1,1,Y,M,56,A,-,S,M,G,Y,-,3,-,-,"- ",,,A,-,0,0,G,2021,-,A,01,,B,,-,-,2024
9743793,2,1,N,F,25,A,-,N,M,E,Y,-,3,-,-,"- ",,,N,-,0,1,A,2008,-,A,01,,O,,-,-,2024
9743794,1,1,Y,M,35,A,-,E,M,D,Y,-,3,-,-,"- ",,,N,-,0,0,B,2020,-,-,,,W,,-,-,2024
9743794,2,1,N,F,32,A,-,E,M,C,Y,-,3,-,-,"- ",,,N,-,0,2,B,2014,-,A,01,,H,,-,-,2024
9743797,1,1,Y,M,998,G,G,N,B,-,,-,3,-,,25,22350,,A,-,0,1,B,1993,-,A,01,,W,,-,-,2024
9743797,2,3,N,-,998,H,H,-,-,-,O,-,3,-,-,"- ",,,N,-,0,0,O,2002,-,A,01,,,,-,-,2024
9743798,1,4,Y,M,72,A,-,E,-,-,N,-,3,-,-,"- ",,,N,-,0,1,B,,-,L,04,,O,,-,-,2024
9743801,1,2,Y,F,23,A,-,-,-,-,O,-,3,-,-,"- ",,,-,-,0,1,L,,-,N,60,,A,,-,-,2024
9743801,2,1,N,M,37,A,-,W,M,G,Y,-,3,-,-,"- ",,,N,-,0,0,B,2020,FORD,A,01,,O,,-,-,2024
9743803,1,1,Y,M,29,A,-,E,M,G,Y,-,3,-,-,"- ",,,N,-,0,0,L,2005,-,A,01,,O,,-,-,2024
9743803,2,1,N,M,21,A,-,E,P,W,Y,-,3,-,-,"- ",,,N,-,0,1,B,2023,-,C,02,,W,,-,-,2024
9743806,1,1,Y,M,22,A,-,E,P,-,,-,3,-,,47,21235,C,A,-,0,1,B,,-,M,94,,H,,-,-,2024
9743806,2,1,N,F,63,A,-,N,M,G,Y,-,3,-,-,"- ",,,-,-,0,0,B,2015,-,A,01,,W,,-,-,2024
9743809,1,1,Y,M,69,A,-,E,M,G,Y,-,3,-,,44,14603,,A,-,0,0,D,2004,-,A,07,,B,,-,-,2024
9743809,2,2,N,F,54,A,-,-,-,-,O,-,3,-,-,"- ",,,-,-,0,1,B,,-,N,60,,B,,-,-,2024
9743811,1,1,Y,M,35,A,-,N,P,-,Y,-,3,-,,25,22350,,A,-,0,1,B,2007,-,C,02,,W,,-,-,2024
9743811,2,4,N,M,23,A,-,N,-,-,,-,3,-,-,"- ",,,-,-,0,1,E,,-,L,04,,,,-,-,2024
9743834,1,1,Y,M,55,A,-,S,L,G,Y,-,3,-,-,"- ",,,M,-,0,1,B,2024,-,A,01,,B,,-,-,2024
9743846,1,1,Y,F,50,A,-,E,M,H,Y,-,3,-,-,"- ",,,-,-,0,0,B,2017,-,A,01,,B,,-,-,2024
9743846,2,2,N,M,12,A,-,-,-,-,O,-,3,-,-,"- ",,,-,-,0,1,B,,-,N,60,,W,,-,-,2024
9743847,1,1,Y,M,24,A,-,W,L,G,Y,-,3,-,,33,21802,A,A,E,0,1,B,2013,-,A,01,,H,,-,-,2024
9743847,2,1,N,F,72,A,-,N,M,G,Y,-,3,-,-,"- ",,,-,-,0,1,B,2012,-,A,01,,W,,-,-,2024
9743848,1,1,Y,M,29,A,-,E,M,G,Y,-,3,-,,47,12500,A,A,-,0,0,B,2007,-,A,01,,H,,-,-,2024
9743848,2,1,N,F,73,A,-,E,M,G,Y,-,3,-,-,"- ",,,N,-,0,1,H,1993,-,A,01,,W,,-,-,2024
9743850,1,1,Y,F,74,A,-,S,L,G,Y,-,3,-,-,"- ",,,N,-,0,1,C,2017,-,A,01,,O,,-,-,2024
9743850,2,3,N,-,998,H,H,S,-,-,O,-,3,-,-,"- ",,,J,N,0,0,O,2021,-,A,01,,,,-,-,2024
9743853,1,1,Y,M,50,A,-,S,M,C,Y,-,3,-,,33,21800,A,A,-,0,0,A,2017,-,A,01,,B,,-,-,2024